loc_id,lat,lon,housing_class,floor_area_m2,cost_per_m2_kes,tiv_kes_file,synthetic,source,tiv_kes,quality,plinth_extra_m,d10,db10,d20,db20,d50,db50,d100,db100,d200,db200,d500,db500,dist_rp100_km,area,area_km,loss_rp100
NZA-0000,0.756568,33.971985,concrete_rcc,489,56000,273840000.0,True,"generated for hackathon starter kit, not a real portfolio",27385000.0,0.17142857142857143,0.0,0.0,0.0,0.0,0.0,0.0,0.0,0.0,0.0,0.0,0.0,0.0,0.0,17.62566666666596,Busia,36.403795320350596,0.0
NZA-0001,0.029978,34.696104,informal_iron_sheet,8,9600,770000.0,True,"generated for hackathon starter kit, not a real portfolio",75000.0,0.92,0.0,0.0,0.0,0.0,0.0,0.0,0.0,0.0,0.0,0.0,0.0,0.0,0.0,13.914999999999443,Kakamega,28.81046031257081,0.0
NZA-0002,1.077706,35.100523,concrete_rcc,385,72000,277200000.0,True,"generated for hackathon starter kit, not a real portfolio",27720000.0,0.6285714285714286,0.0,0.0,0.0,0.0,0.0,0.0,0.0,0.0,0.0,0.0,0.0,0.0,0.0,48.54099491037138,Kitale,12.56530872220577,0.0
NZA-0003,0.59297,34.205342,concrete_rcc,519,51200,265730000.0,True,"generated for hackathon starter kit, not a real portfolio",26575000.0,0.03428571428571429,0.0,0.0,0.0,0.0,0.0,0.0,0.0,0.0,0.0,0.0,0.0,0.0,0.0,38.24867652031163,Malaba,9.592253527862304,0.0
NZA-0004,0.853177,34.864329,permanent_masonry,97,52500,50925000.0,True,"generated for hackathon starter kit, not a real portfolio",5090000.0,0.5833333333333334,0.0,0.0,0.0,0.0,0.0,0.0,0.0,0.0,0.0,0.0,0.0,0.0,0.0,18.760897280720602,Kimilili,17.674541551475997,0.0
NZA-0005,0.51001,34.488603,informal_iron_sheet,13,7700,1000000.0,True,"generated for hackathon starter kit, not a real portfolio",100000.0,0.54,0.0,0.0,0.0,0.0,0.0,0.0,0.0,0.0,0.0,0.0,0.0,0.0,0.0,13.914999999999443,Bungoma,9.984326339267497,0.0
NZA-0006,1.251868,35.215308,informal_iron_sheet,8,8300,665000.0,True,"generated for hackathon starter kit, not a real portfolio",65000.0,0.66,0.0,0.0,0.0,0.0,0.0,0.0,0.0,0.0,0.0,0.0,0.0,0.0,0.0,71.37609845817228,Kitale,35.114032006800706,0.0
NZA-0007,0.642984,34.660285,permanent_masonry,102,40400,41210000.0,True,"generated for hackathon starter kit, not a real portfolio",4120000.0,0.18,0.0,0.0,0.0,0.0,0.0,0.0,0.0,0.0,0.0,0.0,0.0,0.0,0.0,15.10131923964789,Chwele,11.181816607878861,0.0
NZA-0008,1.005254,35.388426,informal_iron_sheet,23,7200,1655000.0,True,"generated for hackathon starter kit, not a real portfolio",165000.0,0.44,0.0,0.0,0.0,0.0,0.0,0.0,0.0,0.0,0.0,0.0,0.0,0.0,0.0,63.55024493090058,Kitale,42.56366577597371,0.0
NZA-0009,0.997211,34.112287,semi_permanent,50,9400,4700000.0,True,"generated for hackathon starter kit, not a real portfolio",470000.0,0.175,0.0,0.0,0.0,0.0,0.0,0.0,0.0,0.0,0.0,0.0,0.0,0.0,0.0,31.114885906908327,Malaba,44.3326075265103,0.0
NZA-0010,0.236424,33.885804,semi_permanent,47,9000,4230000.0,True,"generated for hackathon starter kit, not a real portfolio",425000.0,0.125,0.0,0.0,0.0,0.0,0.0,0.0,0.0,0.0,0.0,0.0,0.0,0.0,0.0,5.409179707784608,Sio Port,15.049600584911458,0.0
NZA-0011,-0.010214,34.287435,permanent_masonry,81,55400,44875000.0,True,"generated for hackathon starter kit, not a real portfolio",4485000.0,0.68,0.0,0.0,0.0,0.0,0.0,0.0,0.0,0.0,0.0,0.0,0.0,0.0,0.0,18.225758188770335,Siaya,7.950151116003944,0.0
NZA-0012,0.531805,35.024665,permanent_masonry,97,42300,41030000.0,True,"generated for hackathon starter kit, not a real portfolio",4105000.0,0.24333333333333335,0.0,0.0,0.0,0.0,0.0,0.0,0.0,0.0,0.0,0.0,0.0,0.0,0.0,21.356490478435802,Malava,21.413331900850267,0.0
NZA-0013,0.444915,34.617409,semi_permanent,37,13200,4885000.0,True,"generated for hackathon starter kit, not a real portfolio",490000.0,0.65,0.0,0.0,1.5027665405522452,0.0,1.6782721232032312,0.0,1.8903413325837712,0.0,2.0402522893495063,0.0,2.1865069706168487,0.0,2.3693252786137453,0.9276666666666296,Bungoma,14.637381649199956,0.0
NZA-0014,0.955461,35.271234,semi_permanent,54,13900,7505000.0,True,"generated for hackathon starter kit, not a real portfolio",750000.0,0.7375,0.0,0.0,0.0,0.0,0.0,0.0,0.0,0.0,0.0,0.0,0.0,0.0,0.0,49.723279476405125,Kitale,30.254967528557497,0.0
NZA-0015,0.282611,35.390422,semi_permanent,25,15300,3825000.0,True,"generated for hackathon starter kit, not a real portfolio",380000.0,0.9125,0.0,0.0,0.0,0.0,0.0,0.0,0.0,0.0,0.0,0.0,0.0,0.0,0.0,69.72943970168355,Eldoret (west),29.077404438859357,0.0
NZA-0016,0.527984,35.267816,semi_permanent,20,10200,2040000.0,True,"generated for hackathon starter kit, not a real portfolio",205000.0,0.275,0.0,0.0,0.0,0.0,0.0,0.0,0.0,0.0,0.0,0.0,0.0,0.0,0.0,43.61020101102574,Eldoret (west),1.5392292209020981,0.0
NZA-0017,-0.117852,33.975926,permanent_masonry,137,39100,53565000.0,True,"generated for hackathon starter kit, not a real portfolio",5355000.0,0.13666666666666666,0.0,0.2800000011920929,0.2846576645001882,0.33000001311302185,0.33715520628919615,0.4000000059604645,0.4010800545751359,0.44999998807907104,0.45326639562600113,0.5,0.5032663968848512,0.550000011920929,0.5532664088057803,0.0,Usenge,10.768570624298196,634017.3398916172
NZA-0018,0.279472,34.703121,concrete_rcc,165,56200,92730000.0,True,"generated for hackathon starter kit, not a real portfolio",9275000.0,0.17714285714285713,0.0,0.0,0.0,0.0,0.0,0.0,0.0,0.0,0.0,0.0,0.0,0.0,0.0,19.656904246486135,Kakamega,5.44174885870121,0.0
NZA-0019,0.147643,34.933593,permanent_masonry,95,61600,58520000.0,True,"generated for hackathon starter kit, not a real portfolio",5850000.0,0.8866666666666667,0.0,0.0,0.0,0.0,0.0,0.0,0.0,0.0,0.0,0.0,0.0,0.0,0.0,35.63978950554981,Kapsabet,20.08523586835998,0.0
NZA-0020,0.265343,35.262243,informal_iron_sheet,16,5300,850000.0,True,"generated for hackathon starter kit, not a real portfolio",85000.0,0.06,0.0,0.0,0.0,0.0,0.0,0.0,0.0,0.0,0.0,0.0,0.0,0.0,0.0,61.289217363249946,Kapsabet,18.78850827708698,0.0
NZA-0021,1.220344,33.948898,semi_permanent,36,10800,3890000.0,True,"generated for hackathon starter kit, not a real portfolio",390000.0,0.35,0.0,0.0,0.0,0.0,0.0,0.0,0.0,0.0,0.0,0.0,0.0,0.0,0.0,30.87890076483242,Malaba,74.76512557599796,0.0
NZA-0022,1.004731,34.741446,informal_iron_sheet,11,6300,695000.0,True,"generated for hackathon starter kit, not a real portfolio",70000.0,0.26,0.0,0.0,0.0,0.0,0.0,0.0,0.0,0.0,0.0,0.0,0.0,0.0,0.0,38.762704575401855,Kimilili,24.355097361095563,0.0
NZA-0023,0.451159,33.791979,concrete_rcc,421,54700,230285000.0,True,"generated for hackathon starter kit, not a real portfolio",23030000.0,0.13428571428571429,0.0,0.0,0.0,0.0,0.0,0.0,0.0,0.0,0.0,0.0,0.0,0.0,0.0,17.054944157698053,Busia,35.58391182369915,0.0
NZA-0024,0.336526,34.963292,concrete_rcc,449,74800,335850000.0,True,"generated for hackathon starter kit, not a real portfolio",33585000.0,0.7085714285714285,0.0,0.0,0.0,0.0,0.0,0.0,0.0,0.0,0.0,0.0,0.0,0.0,0.0,32.14870290972398,Malava,17.220454749431987,0.0
NZA-0025,0.115454,34.674031,permanent_masonry,155,36800,57040000.0,True,"generated for hackathon starter kit, not a real portfolio",5705000.0,0.06,0.0,0.0,0.0,0.0,0.0,0.0,0.0,0.0,0.0,0.0,0.0,0.0,0.0,23.358049828222693,Kakamega,20.536758175397843,0.0
NZA-0026,0.369143,33.915251,permanent_masonry,64,56300,36030000.0,True,"generated for hackathon starter kit, not a real portfolio",3605000.0,0.71,0.0,0.0,0.0,0.0,0.0,0.0,0.0,0.0,0.0,0.0,0.0,0.0,0.0,16.20100183802022,Sio Port,20.288097296667882,0.0
NZA-0027,1.249494,33.893252,informal_iron_sheet,16,8200,1310000.0,True,"generated for hackathon starter kit, not a real portfolio",130000.0,0.64,0.0,0.0,0.0,0.0,0.0,0.0,0.0,0.0,0.0,0.0,0.0,0.0,0.0,28.892014140780223,Malaba,80.73098882115426,0.0
NZA-0028,0.023866,34.591599,informal_iron_sheet,20,8100,1620000.0,True,"generated for hackathon starter kit, not a real portfolio",160000.0,0.62,0.0,0.0,0.0,0.0,0.0,0.0,0.0,0.0,0.0,0.0,0.0,0.0,0.0,17.50317966034165,Butere,23.28748179619089,0.0
NZA-0029,1.034526,34.539818,informal_iron_sheet,14,9200,1290000.0,True,"generated for hackathon starter kit, not a real portfolio",130000.0,0.84,0.0,0.0,0.0,0.0,0.0,0.0,0.0,0.0,0.0,0.0,0.0,0.0,0.0,53.852628048940616,Kimilili,34.08141411496296,0.0
NZA-0030,0.664276,34.615193,informal_iron_sheet,16,6700,1070000.0,True,"generated for hackathon starter kit, not a real portfolio",105000.0,0.34,0.0,0.0,0.0,0.0,0.0,0.0,0.0,0.0,0.0,0.0,0.0,0.0,0.0,20.345318350366128,Chwele,7.891158818022915,0.0
NZA-0031,1.178456,35.361044,informal_iron_sheet,17,6100,1035000.0,True,"generated for hackathon starter kit, not a real portfolio",105000.0,0.22,0.0,0.0,0.0,0.0,0.0,0.0,0.0,0.0,0.0,0.0,0.0,0.0,0.0,74.19593754452242,Kitale,43.45676608114741,0.0
NZA-0032,0.882083,35.363684,semi_permanent,34,12800,4350000.0,True,"generated for hackathon starter kit, not a real portfolio",435000.0,0.6,0.0,0.0,0.0,0.0,0.0,0.0,0.0,0.0,0.0,0.0,0.0,0.0,0.0,54.448580845701336,Eldoret (west),42.25438998880098,0.0
NZA-0033,0.024413,34.202607,informal_iron_sheet,19,5600,1065000.0,True,"generated for hackathon starter kit, not a real portfolio",105000.0,0.12,0.0,0.0,0.0,0.0,0.0,0.0,0.0,0.0,0.0,0.0,0.0,0.0,0.0,8.297302908508888,Siaya,10.360405827774896,0.0
NZA-0034,1.23903,33.827218,permanent_masonry,47,62800,29515000.0,True,"generated for hackathon starter kit, not a real portfolio",2950000.0,0.9266666666666666,0.0,0.0,0.0,0.0,0.0,0.0,0.0,0.0,0.0,0.0,0.0,0.0,0.0,23.70546846662553,Malaba,83.94451494012064,0.0
NZA-0035,1.211209,34.196232,concrete_rcc,350,68700,240450000.0,True,"generated for hackathon starter kit, not a real portfolio",24045000.0,0.5342857142857143,0.0,0.0,0.0,0.0,0.0,0.0,0.0,0.0,0.0,0.0,0.0,0.0,0.0,49.723279476405125,Malaba,64.70765858378832,0.0
NZA-0036,-0.112918,35.082959,semi_permanent,32,10000,3200000.0,True,"generated for hackathon starter kit, not a real portfolio",320000.0,0.25,0.0,0.0,0.0,0.0,0.0,0.0,0.0,0.0,0.0,0.0,0.0,0.0,0.0,28.57755424765584,Kapsabet,35.364523932695384,0.0
NZA-0037,0.265233,34.14853,semi_permanent,31,8400,2605000.0,True,"generated for hackathon starter kit, not a real portfolio",260000.0,0.05,0.0,0.0,0.0,0.0,0.0,0.0,0.0,0.0,0.0,0.0,0.0,0.0,0.0,11.209038981504117,Funyula,5.428155241631412,0.0
NZA-0038,-0.143883,33.941858,informal_iron_sheet,14,7700,1080000.0,True,"generated for hackathon starter kit, not a real portfolio",110000.0,0.54,0.0,0.30000001192092896,0.2905488030699102,0.33000001311302185,0.3253192106021424,0.3799999952316284,0.37054880091779857,0.4099999964237213,0.4005487984622792,0.4399999976158142,0.43166526300559854,0.47999998927116394,0.47522959382060126,0.0,Usenge,15.511141595732877,26650.911070306796
NZA-0039,0.501551,34.726637,semi_permanent,44,9300,4090000.0,True,"generated for hackathon starter kit, not a real portfolio",410000.0,0.1625,0.0,0.0,0.6852365439277142,0.0,0.7706307825545283,0.0,0.8747700264947506,0.0,0.9518331792364305,0.0,1.022647831348692,0.0,1.1142904216324705,0.9276666666666296,Webuye,12.700237231542962,0.0
NZA-0040,1.140541,34.874385,informal_iron_sheet,17,9000,1530000.0,True,"generated for hackathon starter kit, not a real portfolio",155000.0,0.8,0.0,0.0,0.0,0.0,0.0,0.0,0.0,0.0,0.0,0.0,0.0,0.0,0.0,50.12834625017642,Kitale,20.209760880906625,0.0
NZA-0041,0.918409,33.99557,permanent_masonry,92,47400,43610000.0,True,"generated for hackathon starter kit, not a real portfolio",4360000.0,0.41333333333333333,0.0,0.0,0.0,0.0,0.0,0.0,0.0,0.0,0.0,0.0,0.0,0.0,0.0,17.84402461454307,Malaba,44.618231873901856,0.0
NZA-0042,0.766295,33.798706,permanent_masonry,115,58100,66815000.0,True,"generated for hackathon starter kit, not a real portfolio",6680000.0,0.77,0.0,0.0,0.35161439342720613,0.0,0.42400560657768727,0.0,0.48950238520931083,0.0,0.5377631802783561,0.0,0.5963656065787747,0.0,0.6687568197292558,0.9276666666666296,Busia,48.67113973611529,0.0
NZA-0043,0.426875,33.978446,informal_iron_sheet,8,6700,535000.0,True,"generated for hackathon starter kit, not a real portfolio",55000.0,0.34,0.0,0.0,0.0,0.0,0.0,0.0,0.0,0.0,0.0,0.0,0.0,0.0,0.0,21.33633333333248,Busia,15.28489854911901,0.0
NZA-0044,-0.049257,34.101783,semi_permanent,30,15000,4500000.0,True,"generated for hackathon starter kit, not a real portfolio",450000.0,0.875,0.0,0.0,0.0,0.0,0.0,0.0,0.0,0.0,0.0,0.0,0.0,0.0,0.0,2.7829999999998885,Usenge,5.192762631062921,0.0
NZA-0045,-0.088865,34.314237,informal_iron_sheet,18,6000,1080000.0,True,"generated for hackathon starter kit, not a real portfolio",110000.0,0.2,0.0,0.0,0.0,0.0,0.0,0.0,0.0,0.0,0.0,0.0,0.0,0.0,0.0,15.960180812119114,Siaya,16.956705485749545,0.0
NZA-0046,0.545365,34.656193,informal_iron_sheet,14,9900,1385000.0,True,"generated for hackathon starter kit, not a real portfolio",140000.0,0.98,0.0,0.0,0.0,0.0,0.0,0.0,0.0,0.0,0.0,0.0,0.0,0.0,0.0,7.2453082826824495,Bungoma,10.83081473622266,0.0
NZA-0047,0.253929,35.252561,permanent_masonry,106,53000,56180000.0,True,"generated for hackathon starter kit, not a real portfolio",5620000.0,0.6,0.0,0.0,0.0,0.0,0.0,0.0,0.0,0.0,0.0,0.0,0.0,0.0,0.0,61.42946747195997,Kapsabet,17.340746145555475,0.0
NZA-0048,0.987038,34.293721,semi_permanent,64,13300,8510000.0,True,"generated for hackathon starter kit, not a real portfolio",850000.0,0.6625,0.0,0.0,0.0,0.0,0.0,0.0,0.0,0.0,0.0,0.0,0.0,0.0,0.0,51.2320661847182,Malaba,39.10738761350775,0.0
NZA-0049,0.89248,34.7781,semi_permanent,52,12100,6290000.0,True,"generated for hackathon starter kit, not a real portfolio",630000.0,0.5125,0.0,0.0,0.0,0.0,0.0,0.0,0.0,0.0,0.0,0.0,0.0,0.0,0.0,25.841803050267902,Kimilili,13.405342492283054,0.0
NZA-0050,0.887903,34.82692,permanent_masonry,65,54100,35165000.0,True,"generated for hackathon starter kit, not a real portfolio",3515000.0,0.6366666666666667,0.0,0.0,0.0,0.0,0.0,0.0,0.0,0.0,0.0,0.0,0.0,0.0,0.0,23.19166666666574,Kimilili,16.365339152474476,0.0
NZA-0051,0.002433,34.180603,permanent_masonry,94,52200,49070000.0,True,"generated for hackathon starter kit, not a real portfolio",4905000.0,0.5733333333333334,0.0,0.0,0.0,0.0,0.0,0.0,0.0,0.0,0.0,0.0,0.0,0.0,0.0,6.222977181381666,Siaya,13.637624747365045,0.0
NZA-0052,0.721631,34.642,informal_iron_sheet,19,8100,1540000.0,True,"generated for hackathon starter kit, not a real portfolio",155000.0,0.62,0.0,0.0,0.0,0.0,0.0,0.0,0.0,0.0,0.0,0.0,0.0,0.0,0.0,21.893719477409892,Chwele,2.86569185034415,0.0
NZA-0053,0.753149,35.370674,informal_iron_sheet,14,8300,1160000.0,True,"generated for hackathon starter kit, not a real portfolio",115000.0,0.66,0.0,0.0,0.0,0.0,0.0,0.0,0.0,0.0,0.0,0.0,0.0,0.0,0.0,51.558575018018836,Eldoret (west),28.86251621890363,0.0
NZA-0054,0.770123,35.394553,permanent_masonry,94,58000,54520000.0,True,"generated for hackathon starter kit, not a real portfolio",5450000.0,0.7666666666666667,0.0,0.0,0.0,0.0,0.0,0.0,0.0,0.0,0.0,0.0,0.0,0.0,0.0,54.59852286971981,Eldoret (west),31.683700641170045,0.0
NZA-0055,0.536436,34.421914,informal_iron_sheet,22,6900,1520000.0,True,"generated for hackathon starter kit, not a real portfolio",150000.0,0.38,0.0,0.0,0.0,0.0,0.0,0.0,0.0,0.0,0.0,0.0,0.0,0.0,0.0,19.982551544339632,Amagoro,15.152926244627302,0.0
NZA-0056,0.62561,35.101229,semi_permanent,30,8200,2460000.0,True,"generated for hackathon starter kit, not a real portfolio",245000.0,0.025,0.0,0.0,0.0,0.0,0.0,0.0,0.0,0.0,0.0,0.0,0.0,0.0,0.0,22.302619283143606,Eldoret (west),22.486621863627835,0.0
NZA-0057,0.845981,34.268036,permanent_masonry,231,52400,121045000.0,True,"generated for hackathon starter kit, not a real portfolio",12105000.0,0.58,0.0,0.0,0.0,0.0,0.0,0.0,0.0,0.0,0.0,0.0,0.0,0.0,0.0,49.506468120616134,Malaba,23.412992924752746,0.0
NZA-0058,1.263461,35.065468,concrete_rcc,175,70700,123725000.0,True,"generated for hackathon starter kit, not a real portfolio",12370000.0,0.5914285714285714,0.0,0.0,0.0,0.0,0.0,0.0,0.0,0.0,0.0,0.0,0.0,0.0,0.0,66.15115482740758,Kitale,28.35885279502084,0.0
NZA-0059,-0.258789,34.342286,permanent_masonry,85,46000,39100000.0,True,"generated for hackathon starter kit, not a real portfolio",3910000.0,0.36666666666666664,0.0,0.0,0.0,0.0,0.0,0.0,0.0,0.0,0.0,0.0,0.0,0.0,0.0,5.247675125445555,Siaya,36.12824685887833,0.0
NZA-0060,0.093027,35.024111,informal_iron_sheet,21,8600,1805000.0,True,"generated for hackathon starter kit, not a real portfolio",180000.0,0.72,0.0,0.0,0.0,0.0,0.0,0.0,0.0,0.0,0.0,0.0,0.0,0.0,0.0,38.60698576394768,Kapsabet,15.286768981866674,0.0
NZA-0061,0.971682,33.832945,semi_permanent,56,10700,5990000.0,True,"generated for hackathon starter kit, not a real portfolio",600000.0,0.3375,0.0,0.0,0.0,0.0,0.0,0.0,0.0,0.0,0.0,0.0,0.0,0.0,0.0,1.8553333333332591,Malaba,62.23229664499483,0.0
NZA-0062,0.625062,34.040311,semi_permanent,34,12500,4250000.0,True,"generated for hackathon starter kit, not a real portfolio",425000.0,0.5625,0.0,0.0,0.0,0.0,0.0,0.0,0.0,0.0,0.0,0.0,0.0,0.0,0.0,28.652738682365676,Busia,19.928920545067513,0.0
NZA-0063,-0.02037,34.768432,concrete_rcc,397,65400,259640000.0,True,"generated for hackathon starter kit, not a real portfolio",25965000.0,0.44,0.0,0.0,0.0,0.0,0.0,0.0,0.0,0.0,0.0,0.0,0.0,0.0,0.0,9.991275772169816,Kakamega,33.78790521246435,0.0
NZA-0064,0.076172,34.070264,permanent_masonry,66,36600,24155000.0,True,"generated for hackathon starter kit, not a real portfolio",2415000.0,0.05333333333333334,0.0,0.10999999940395355,0.08231874042647258,0.20000000298023224,0.15157916812727568,0.28999999165534973,0.22555407446521697,0.36000001430511475,0.28515762882228185,0.4300000071525574,0.34141307962866546,0.5099999904632568,0.4114542953817808,0.0,Rwambwa,7.661989317437054,198340.1291224805
NZA-0065,0.828844,34.207395,concrete_rcc,251,79100,198540000.0,True,"generated for hackathon starter kit, not a real portfolio",19855000.0,0.8314285714285714,0.0,0.0,0.0,0.0,0.0,0.0,0.0,0.0,0.0,0.0,0.0,0.0,0.0,42.83369616966774,Malaba,22.938374820594035,0.0
NZA-0066,0.363097,34.848581,permanent_masonry,158,57000,90060000.0,True,"generated for hackathon starter kit, not a real portfolio",9005000.0,0.7333333333333333,0.0,0.0,0.0,0.0,0.0,0.0,0.0,0.0,0.0,0.0,0.0,0.0,0.0,21.031658005121923,Malava,9.13070193263414,0.0
NZA-0067,0.939907,34.201686,permanent_masonry,75,38900,29175000.0,True,"generated for hackathon starter kit, not a real portfolio",2920000.0,0.13,0.0,0.0,0.0,0.0,0.0,0.0,0.0,0.0,0.0,0.0,0.0,0.0,0.0,40.827873639080885,Malaba,34.936054199922175,0.0
NZA-0068,1.227044,34.241811,permanent_masonry,61,52800,32210000.0,True,"generated for hackathon starter kit, not a real portfolio",3220000.0,0.5933333333333334,0.0,0.0,0.0,0.0,0.0,0.0,0.0,0.0,0.0,0.0,0.0,0.0,0.0,55.32658751349702,Malaba,65.93220552117634,0.0
NZA-0069,0.317002,35.094154,concrete_rcc,241,58600,141225000.0,True,"generated for hackathon starter kit, not a real portfolio",14125000.0,0.24571428571428572,0.0,0.0,0.0,0.0,0.0,0.0,0.0,0.0,0.0,0.0,0.0,0.0,0.0,43.99331408924998,Kapsabet,12.637187785883619,0.0
NZA-0070,1.025978,33.900142,informal_iron_sheet,13,6600,860000.0,True,"generated for hackathon starter kit, not a real portfolio",85000.0,0.32,0.0,0.0,0.0,0.0,0.0,0.0,0.0,0.0,0.0,0.0,0.0,0.0,0.0,11.807269032252497,Malaba,60.601850640477394,0.0
NZA-0071,0.423824,33.766319,informal_iron_sheet,19,5700,1085000.0,True,"generated for hackathon starter kit, not a real portfolio",110000.0,0.14,0.0,0.0,0.0,0.0,0.0,0.0,0.0,0.0,0.0,0.0,0.0,0.0,0.0,12.376617030154033,Sio Port,36.22493264715908,0.0
NZA-0072,0.937466,35.111781,permanent_masonry,80,63100,50480000.0,True,"generated for hackathon starter kit, not a real portfolio",5050000.0,0.9366666666666666,0.0,0.0,0.0,0.0,0.0,0.0,0.0,0.0,0.0,0.0,0.0,0.0,0.0,35.63978950554981,Kitale,14.627912850822424,0.0
NZA-0073,0.328458,35.232416,informal_iron_sheet,21,7000,1470000.0,True,"generated for hackathon starter kit, not a real portfolio",145000.0,0.4,0.0,0.0,0.0,0.0,0.0,0.0,0.0,0.0,0.0,0.0,0.0,0.0,0.0,53.23384269950206,Kapsabet,19.827274699984084,0.0
NZA-0074,-0.090471,34.850549,informal_iron_sheet,17,8200,1395000.0,True,"generated for hackathon starter kit, not a real portfolio",140000.0,0.64,0.0,0.0,0.0,0.0,0.0,0.0,0.0,0.0,0.0,0.0,0.0,0.0,0.0,13.119187813613888,Kakamega,42.968291331938794,0.0
NZA-0075,0.198354,34.765535,informal_iron_sheet,10,8200,820000.0,True,"generated for hackathon starter kit, not a real portfolio",80000.0,0.64,0.0,0.0,0.0,0.0,0.0,0.0,0.0,0.0,0.0,0.0,0.0,0.0,0.0,30.71123128614409,Kakamega,9.511280590910523,0.0
NZA-0076,0.739884,35.214994,permanent_masonry,107,53800,57565000.0,True,"generated for hackathon starter kit, not a real portfolio",5755000.0,0.6266666666666667,0.0,0.0,0.0,0.0,0.0,0.0,0.0,0.0,0.0,0.0,0.0,0.0,0.0,33.85665624363854,Eldoret (west),25.8424554697246,0.0
NZA-0077,1.228589,34.60225,concrete_rcc,221,79500,175695000.0,True,"generated for hackathon starter kit, not a real portfolio",17570000.0,0.8428571428571429,0.0,0.0,0.0,0.0,0.0,0.0,0.0,0.0,0.0,0.0,0.0,0.0,0.0,67.64337711935104,Kitale,50.82887566447911,0.0
NZA-0078,0.217614,33.894971,permanent_masonry,60,48100,28860000.0,True,"generated for hackathon starter kit, not a real portfolio",2885000.0,0.43666666666666665,0.0,0.0,0.0,0.0,0.0,0.0,0.0,0.0,0.0,0.0,0.0,0.0,0.0,3.8248676520311635,Sio Port,13.920232571571946,0.0
NZA-0079,0.524414,34.338563,informal_iron_sheet,13,5900,765000.0,True,"generated for hackathon starter kit, not a real portfolio",75000.0,0.18,0.0,0.0,0.0,0.0,0.0,0.0,0.0,0.0,0.0,0.0,0.0,0.0,0.0,23.247260034487244,Amagoro,11.97538331254188,0.0
NZA-0080,1.176979,34.44922,permanent_masonry,122,40000,48800000.0,True,"generated for hackathon starter kit, not a real portfolio",4880000.0,0.16666666666666666,0.0,0.0,0.0,0.0,0.0,0.0,0.0,0.0,0.0,0.0,0.0,0.0,0.0,72.4530828268245,Chwele,52.74606898092917,0.0
NZA-0081,0.828157,35.14608,semi_permanent,72,13100,9430000.0,True,"generated for hackathon starter kit, not a real portfolio",945000.0,0.6375,0.0,0.0,0.0,0.0,0.0,0.0,0.0,0.0,0.0,0.0,0.0,0.0,0.0,30.387278948415485,Kitale,26.044431867473808,0.0
NZA-0082,0.12854,34.738688,semi_permanent,54,12000,6480000.0,True,"generated for hackathon starter kit, not a real portfolio",650000.0,0.5,0.0,0.0,0.0,0.0,0.0,0.0,0.0,0.0,0.0,0.0,0.0,0.0,0.0,25.47285506399036,Kakamega,17.22399549912103,0.0
NZA-0083,0.685219,33.810696,semi_permanent,32,10500,3360000.0,True,"generated for hackathon starter kit, not a real portfolio",335000.0,0.3125,0.0,0.0,0.0,0.0,0.0,0.0,0.0,0.0,0.0,0.0,0.0,0.0,0.0,7.4213333333330365,Busia,41.776905993030965,0.0
NZA-0084,0.333454,34.820253,semi_permanent,26,13800,3590000.0,True,"generated for hackathon starter kit, not a real portfolio",360000.0,0.725,0.0,0.0,0.0,0.0,0.0,0.0,0.0,0.0,0.0,0.0,0.0,0.0,0.0,21.63671883113843,Kakamega,9.477082473949917,0.0
NZA-0085,-0.170039,35.130264,concrete_rcc,516,50800,262130000.0,True,"generated for hackathon starter kit, not a real portfolio",26215000.0,0.022857142857142857,0.0,0.0,0.0,0.0,0.0,0.0,0.0,0.0,0.0,0.0,0.0,0.0,0.0,30.51445249203751,Kapsabet,41.73288582642701,0.0
NZA-0086,0.410034,33.841346,informal_iron_sheet,17,5200,885000.0,True,"generated for hackathon starter kit, not a real portfolio",90000.0,0.04,0.0,0.0,0.0,0.0,0.0,0.0,0.0,0.0,0.0,0.0,0.0,0.0,0.0,15.743025376336663,Sio Port,29.034625358050512,0.0
NZA-0087,1.270221,35.260435,permanent_masonry,88,49100,43210000.0,True,"generated for hackathon starter kit, not a real portfolio",4320000.0,0.47,0.0,0.0,0.0,0.0,0.0,0.0,0.0,0.0,0.0,0.0,0.0,0.0,0.0,75.72851590898449,Kitale,40.04603785434942,0.0
NZA-0088,0.765436,33.808763,informal_iron_sheet,18,5400,970000.0,True,"generated for hackathon starter kit, not a real portfolio",95000.0,0.08,0.0,0.0,0.45740879144488267,0.0,0.5515812085511399,0.0,0.6367847807525329,0.0,0.6995663743372997,0.0,0.775801208550256,0.0,0.8699736256565133,0.9276666666666296,Busia,47.80877191692261,0.0
NZA-0089,0.701375,34.877199,informal_iron_sheet,11,7600,835000.0,True,"generated for hackathon starter kit, not a real portfolio",85000.0,0.52,0.0,0.0,0.0,0.0,0.0,0.0,0.0,0.0,0.0,0.0,0.0,0.0,0.0,2.074325727127222,Webuye,15.90905959567356,0.0
NZA-0090,0.648595,34.32347,concrete_rcc,363,56200,204005000.0,True,"generated for hackathon starter kit, not a real portfolio",20400000.0,0.17714285714285713,0.0,0.0,0.0,0.0,0.0,0.0,0.0,0.0,0.0,0.0,0.0,0.0,0.0,35.796395723280234,Amagoro,1.9595637295791928,0.0
NZA-0091,1.116301,34.555812,semi_permanent,23,11900,2735000.0,True,"generated for hackathon starter kit, not a real portfolio",275000.0,0.4875,0.0,0.0,0.0,0.0,0.0,0.0,0.0,0.0,0.0,0.0,0.0,0.0,0.0,59.203741902196874,Kimilili,40.9613425132729,0.0
NZA-0092,0.367428,33.998338,semi_permanent,58,8100,4700000.0,True,"generated for hackathon starter kit, not a real portfolio",470000.0,0.0125,0.0,0.0,0.0,0.0,0.0,0.0,0.0,0.0,0.0,0.0,0.0,0.0,0.0,14.842666666666073,Funyula,15.674626990776186,0.0
NZA-0093,-0.233324,33.994118,permanent_masonry,81,53900,43660000.0,True,"generated for hackathon starter kit, not a real portfolio",4365000.0,0.63,0.0,0.47999998927116394,0.4990831890140181,0.5299999713897705,0.549083189074533,0.5899999737739563,0.6040943962163559,0.6299999952316284,0.6430628834867255,0.6600000262260437,0.6790832080269896,0.7099999785423279,0.7251212945974014,0.0,Usenge,19.60459815322725,755719.976612868
NZA-0094,0.30929,34.182535,semi_permanent,41,8900,3650000.0,True,"generated for hackathon starter kit, not a real portfolio",365000.0,0.1125,0.0,0.0,0.0,0.0,0.0,0.0,0.0,0.0,0.0,0.0,0.0,0.0,0.0,14.986913658254723,Bumala,2.2020747630668147,0.0
NZA-0095,-0.274253,35.056461,permanent_masonry,76,58000,44080000.0,True,"generated for hackathon starter kit, not a real portfolio",4410000.0,0.7666666666666667,0.0,0.0,0.0,0.0,0.0,0.0,0.0,0.0,0.0,0.0,0.0,0.0,0.0,20.40866666666585,Kapsabet,53.51260049690797,0.0
NZA-0096,0.55448,35.121635,semi_permanent,31,12600,3905000.0,True,"generated for hackathon starter kit, not a real portfolio",390000.0,0.575,0.0,0.0,0.0,0.0,0.0,0.0,0.0,0.0,0.0,0.0,0.0,0.0,0.0,27.53467189845368,Eldoret (west),17.08884478830726,0.0
NZA-0097,1.13978,35.045193,semi_permanent,36,9800,3530000.0,True,"generated for hackathon starter kit, not a real portfolio",355000.0,0.225,0.0,0.0,0.0,0.0,0.0,0.0,0.0,0.0,0.0,0.0,0.0,0.0,0.0,52.246661039511025,Kitale,14.478527867341752,0.0
NZA-0098,0.287208,34.272346,semi_permanent,34,9300,3160000.0,True,"generated for hackathon starter kit, not a real portfolio",315000.0,0.1625,0.0,0.0,0.0,0.0,0.0,0.0,0.0,0.0,0.0,0.0,0.0,0.0,0.0,5.9399649175916345,Bumala,8.178179999632652,0.0
NZA-0099,0.466166,34.278975,semi_permanent,36,13600,4895000.0,True,"generated for hackathon starter kit, not a real portfolio",490000.0,0.7,0.0,0.0,0.0,0.0,0.0,0.0,0.0,0.0,0.0,0.0,0.0,0.0,0.0,21.656596390526946,Nambale,2.992766118635645,0.0
NZA-0100,1.005207,34.458564,semi_permanent,20,10600,2120000.0,True,"generated for hackathon starter kit, not a real portfolio",210000.0,0.325,0.0,0.0,0.0,0.0,0.0,0.0,0.0,0.0,0.0,0.0,0.0,0.0,0.0,57.102385843323034,Chwele,35.03865220058757,0.0
NZA-0101,0.937372,33.9658,permanent_masonry,47,50700,23830000.0,True,"generated for hackathon starter kit, not a real portfolio",2385000.0,0.5233333333333333,0.0,0.0,0.0,0.0,0.0,0.0,0.0,0.0,0.0,0.0,0.0,0.0,0.0,13.94588794033671,Malaba,48.46438705325742,0.0
NZA-0102,0.108665,34.357779,informal_iron_sheet,13,7200,935000.0,True,"generated for hackathon starter kit, not a real portfolio",95000.0,0.44,0.0,0.0,0.0,0.0,0.0,0.0,0.0,0.0,0.0,0.0,0.0,0.0,0.0,12.617630808603076,Siaya,9.385087777924017,0.0
NZA-0103,1.268372,34.631029,concrete_rcc,270,53000,143100000.0,True,"generated for hackathon starter kit, not a real portfolio",14310000.0,0.08571428571428572,0.0,0.0,0.0,0.0,0.0,0.0,0.0,0.0,0.0,0.0,0.0,0.0,0.0,70.80108554173789,Kitale,50.35131705243079,0.0
NZA-0104,0.841549,34.199113,semi_permanent,34,10700,3640000.0,True,"generated for hackathon starter kit, not a real portfolio",365000.0,0.3375,0.0,0.0,0.0,0.0,0.0,0.0,0.0,0.0,0.0,0.0,0.0,0.0,0.0,41.67278568668946,Malaba,24.589527168330175,0.0
NZA-0105,-0.085248,33.982683,permanent_masonry,75,42600,31950000.0,True,"generated for hackathon starter kit, not a real portfolio",3195000.0,0.25333333333333335,0.0,0.36000001430511475,0.36232550761419285,0.4099999964237213,0.4123255069635941,0.4699999988079071,0.47232550934777995,0.5099999904632568,0.5154047853087458,0.550000011920929,0.5554048067664179,0.6100000143051147,0.6154048091506037,0.0,Usenge,8.772386653885674,447563.2216030216
NZA-0106,-0.032723,33.849705,informal_iron_sheet,27,9200,2485000.0,True,"generated for hackathon starter kit, not a real portfolio",250000.0,0.84,0.0,0.46000000834465027,0.4514648037659252,0.5,0.4961107968995119,0.5600000023841858,0.5561108060931499,0.6000000238418579,0.5961108021139438,0.6399999856948853,0.6318431934737064,0.6800000071525574,0.6761108108615216,0.0,Port Victoria,19.91688904882302,82446.4704302697
NZA-0107,0.025416,34.471492,informal_iron_sheet,13,6700,870000.0,True,"generated for hackathon starter kit, not a real portfolio",85000.0,0.34,0.0,0.0,0.0,0.0,0.0,0.0,0.0,0.0,0.0,0.0,0.0,0.0,0.0,25.046999999999,Butere,20.310991012819017,0.0
NZA-0108,1.232718,34.600323,semi_permanent,45,8600,3870000.0,True,"generated for hackathon starter kit, not a real portfolio",385000.0,0.075,0.0,0.0,0.0,0.0,0.0,0.0,0.0,0.0,0.0,0.0,0.0,0.0,0.0,67.64337711935104,Kitale,51.233862232883034,0.0
NZA-0109,0.915031,34.220677,semi_permanent,23,13800,3175000.0,True,"generated for hackathon starter kit, not a real portfolio",315000.0,0.725,0.0,0.0,0.0,0.0,0.0,0.0,0.0,0.0,0.0,0.0,0.0,0.0,0.0,42.83369616966774,Malaba,31.755920099395187,0.0
NZA-0110,1.251304,33.71429,informal_iron_sheet,15,5100,765000.0,True,"generated for hackathon starter kit, not a real portfolio",75000.0,0.02,0.0,0.0,0.0,0.0,0.0,0.0,0.0,0.0,0.0,0.0,0.0,0.0,0.0,22.263999999999108,Malaba,93.04397340589475,0.0
NZA-0111,1.054713,34.501981,informal_iron_sheet,12,5400,650000.0,True,"generated for hackathon starter kit, not a real portfolio",65000.0,0.08,0.0,0.0,0.0,0.0,0.0,0.0,0.0,0.0,0.0,0.0,0.0,0.0,0.0,57.73933262324315,Chwele,37.93772306287716,0.0
NZA-0112,0.534791,35.321616,informal_iron_sheet,13,9300,1210000.0,True,"generated for hackathon starter kit, not a real portfolio",120000.0,0.86,0.0,0.0,0.0,0.0,0.0,0.0,0.0,0.0,0.0,0.0,0.0,0.0,0.0,48.42562169049483,Eldoret (west),6.202606628839692,0.0
NZA-0113,1.073646,34.684736,permanent_masonry,218,51700,112705000.0,True,"generated for hackathon starter kit, not a real portfolio",11270000.0,0.5566666666666666,0.0,0.0,0.0,0.0,0.0,0.0,0.0,0.0,0.0,0.0,0.0,0.0,0.0,47.75456447060946,Kimilili,32.149976172604596,0.0
NZA-0114,0.148965,34.514328,semi_permanent,30,12800,3840000.0,True,"generated for hackathon starter kit, not a real portfolio",385000.0,0.6,0.0,0.0,0.0,0.0,0.0,0.0,0.0,0.0,0.0,0.0,0.0,0.0,0.0,19.124338260155817,Butere,6.9819607975465505,0.0
NZA-0115,0.740535,34.471813,permanent_masonry,80,42900,34320000.0,True,"generated for hackathon starter kit, not a real portfolio",3430000.0,0.2633333333333333,0.0,0.0,0.0,0.0,0.0,0.0,0.0,0.0,0.0,0.0,0.0,0.0,0.0,35.32449425603068,Chwele,16.507052308304992,0.0
NZA-0116,0.780175,34.262123,semi_permanent,37,15900,5885000.0,True,"generated for hackathon starter kit, not a real portfolio",590000.0,0.9875,0.0,0.0,0.0,0.0,0.0,0.0,0.0,0.0,0.0,0.0,0.0,0.0,0.0,50.1712459980794,Malaba,16.17246041617628,0.0
NZA-0117,0.95021,34.707419,concrete_rcc,860,51800,445480000.0,True,"generated for hackathon starter kit, not a real portfolio",44550000.0,0.05142857142857143,0.0,0.0,0.0,0.0,0.0,0.0,0.0,0.0,0.0,0.0,0.0,0.0,0.0,35.32449425603068,Kimilili,18.222432391478392,0.0
NZA-0118,1.064374,34.026167,semi_permanent,27,13600,3670000.0,True,"generated for hackathon starter kit, not a real portfolio",365000.0,0.7,0.0,0.0,0.0,0.0,0.0,0.0,0.0,0.0,0.0,0.0,0.0,0.0,0.0,24.978189430424543,Malaba,55.42915224422538,0.0
NZA-0119,1.166562,35.217196,informal_iron_sheet,28,9800,2745000.0,True,"generated for hackathon starter kit, not a real portfolio",275000.0,0.96,0.0,0.0,0.0,0.0,0.0,0.0,0.0,0.0,0.0,0.0,0.0,0.0,0.0,63.040393577801574,Kitale,28.87359800026259,0.0
NZA-0120,-0.116746,34.471442,concrete_rcc,214,52800,112990000.0,True,"generated for hackathon starter kit, not a real portfolio",11300000.0,0.08,0.0,0.0,0.0,0.0,0.0,0.0,0.0,0.0,0.0,0.0,0.0,0.0,0.0,8.348999999999666,Siaya,28.441444818859907,0.0
NZA-0121,-0.273176,34.832228,informal_iron_sheet,15,8900,1335000.0,True,"generated for hackathon starter kit, not a real portfolio",135000.0,0.78,0.0,0.7799999713897705,1.3709367256290887,0.8999999761581421,1.4909367180864495,1.0299999713897705,1.6209367256290885,1.1200000047683716,1.7109367008735525,1.2000000476837158,1.790936752678991,1.2899999618530273,1.8809366914703238,0.0,Kapsabet,61.18508461544865,67633.16492224322
NZA-0122,0.393685,33.808057,permanent_masonry,83,39400,32700000.0,True,"generated for hackathon starter kit, not a real portfolio",3270000.0,0.14666666666666667,0.0,0.0,0.0,0.0,0.0,0.0,0.0,0.0,0.0,0.0,0.0,0.0,0.0,11.879929835183269,Sio Port,30.503080349029382,0.0
NZA-0123,0.905739,34.322729,semi_permanent,46,14700,6760000.0,True,"generated for hackathon starter kit, not a real portfolio",675000.0,0.8375,0.0,0.0,0.0,0.0,0.0,0.0,0.0,0.0,0.0,0.0,0.0,0.0,0.0,54.00422475345784,Malaba,30.401725670296006,0.0
NZA-0124,0.280358,33.956709,semi_permanent,46,14900,6855000.0,True,"generated for hackathon starter kit, not a real portfolio",685000.0,0.8625,0.0,0.0,0.0,0.0,0.0,0.0,0.0,0.0,0.0,0.0,0.0,0.0,0.0,4.995637886084908,Sio Port,9.735590375956246,0.0
NZA-0125,1.258103,34.015952,informal_iron_sheet,8,7900,630000.0,True,"generated for hackathon starter kit, not a real portfolio",65000.0,0.58,0.0,0.0,0.0,0.0,0.0,0.0,0.0,0.0,0.0,0.0,0.0,0.0,0.0,38.24867652031163,Malaba,75.23191236440852,0.0
NZA-0126,1.233615,34.788823,permanent_masonry,184,58300,107270000.0,True,"generated for hackathon starter kit, not a real portfolio",10725000.0,0.7766666666666666,0.0,0.0,0.0,0.0,0.0,0.0,0.0,0.0,0.0,0.0,0.0,0.0,0.0,62.229771813816654,Kitale,34.26344046399419,0.0
NZA-0127,0.657424,34.819639,permanent_masonry,92,64900,59710000.0,True,"generated for hackathon starter kit, not a real portfolio",5970000.0,0.9966666666666667,0.0,0.0,0.0,0.0,0.0,0.0,0.0,0.0,0.0,0.0,0.0,0.0,0.0,1.8553333333332591,Webuye,7.884225919155999,0.0
NZA-0128,1.090665,34.7761,permanent_masonry,138,55300,76315000.0,True,"generated for hackathon starter kit, not a real portfolio",7630000.0,0.6766666666666666,0.0,0.0,0.0,0.0,0.0,0.0,0.0,0.0,0.0,0.0,0.0,0.0,0.0,46.13218338764101,Kitale,26.93891772430346,0.0
NZA-0129,0.845693,34.25638,informal_iron_sheet,9,9100,820000.0,True,"generated for hackathon starter kit, not a real portfolio",80000.0,0.82,0.0,0.0,0.0,0.0,0.0,0.0,0.0,0.0,0.0,0.0,0.0,0.0,0.0,47.700472063816406,Malaba,23.490634500298917,0.0
NZA-0130,0.184154,35.153252,permanent_masonry,45,43100,19395000.0,True,"generated for hackathon starter kit, not a real portfolio",1940000.0,0.27,0.0,0.0,0.0,0.0,0.0,0.0,0.0,0.0,0.0,0.0,0.0,0.0,0.0,56.61807379764256,Kapsabet,5.807813000496219,0.0
NZA-0131,0.978099,35.02468,concrete_rcc,260,53800,139880000.0,True,"generated for hackathon starter kit, not a real portfolio",13990000.0,0.10857142857142857,0.0,0.0,0.0,0.0,0.0,0.0,0.0,0.0,0.0,0.0,0.0,0.0,0.0,34.63564969154556,Kitale,4.663922208644722,0.0
NZA-0132,0.858911,34.714492,informal_iron_sheet,8,6400,510000.0,True,"generated for hackathon starter kit, not a real portfolio",50000.0,0.28,0.0,0.0,0.0,0.0,0.0,0.0,0.0,0.0,0.0,0.0,0.0,0.0,0.0,26.369241155388895,Kimilili,8.028578432214,0.0
NZA-0133,1.033917,34.337831,concrete_rcc,180,68300,122940000.0,True,"generated for hackathon starter kit, not a real portfolio",12295000.0,0.5228571428571429,0.0,0.0,0.0,0.0,0.0,0.0,0.0,0.0,0.0,0.0,0.0,0.0,0.0,56.587666666664404,Malaba,44.76145345423231,0.0
NZA-0134,-0.164067,34.954761,informal_iron_sheet,12,8900,1070000.0,True,"generated for hackathon starter kit, not a real portfolio",105000.0,0.78,0.0,0.0,0.0,0.0,0.0,0.0,0.0,0.0,0.0,0.0,0.0,0.0,0.0,14.490616565364899,Kapsabet,44.25489528871086,0.0
NZA-0135,0.153592,34.152529,semi_permanent,44,14800,6510000.0,True,"generated for hackathon starter kit, not a real portfolio",650000.0,0.85,0.0,0.0,0.6394158795088897,0.0,0.672122168990183,0.0,0.708559398920457,0.0,0.7317467750953299,0.0,0.7530008401370524,0.0,0.7795007061713597,0.9276666666666296,Rwambwa,9.236434214657667,0.0
NZA-0136,0.492036,34.098308,semi_permanent,39,13000,5070000.0,True,"generated for hackathon starter kit, not a real portfolio",505000.0,0.625,0.0,0.0,0.0,0.0,0.0,0.0,0.0,0.0,0.0,0.0,0.0,0.0,0.0,30.837068863804728,Busia,3.7745578683562795,0.0
NZA-0137,0.917142,33.749836,permanent_masonry,105,62400,65520000.0,True,"generated for hackathon starter kit, not a real portfolio",6550000.0,0.9133333333333333,0.0,0.0,0.24882843301876698,0.0,0.29698877643668964,0.0,0.34782467588332994,0.0,0.3799315714952784,0.0,0.4093628951308423,0.0,0.44414536271917526,0.9276666666666296,Busia,64.81834956395127,0.0
NZA-0138,1.224768,34.962286,permanent_masonry,102,55500,56610000.0,True,"generated for hackathon starter kit, not a real portfolio",5660000.0,0.6833333333333333,0.0,0.0,0.0,0.0,0.0,0.0,0.0,0.0,0.0,0.0,0.0,0.0,0.0,59.631002141873815,Kitale,23.78127707849353,0.0
NZA-0139,-0.266738,33.973491,informal_iron_sheet,16,8200,1310000.0,True,"generated for hackathon starter kit, not a real portfolio",130000.0,0.64,0.0,0.800000011920929,0.7283678050041834,0.8700000047683716,0.7918315045331491,0.949999988079071,0.8702641888905454,1.0099999904632568,0.9221605896611123,1.059999942779541,0.967191586571604,1.1299999952316284,1.02908800779253,0.0,Usenge,23.924498523641912,63760.09928417227
NZA-0140,-0.016867,34.265159,informal_iron_sheet,9,9500,855000.0,True,"generated for hackathon starter kit, not a real portfolio",85000.0,0.9,0.0,0.0,0.0,0.0,0.0,0.0,0.0,0.0,0.0,0.0,0.0,0.0,0.0,15.851974948811824,Siaya,9.05785461350956,0.0
NZA-0141,0.486875,34.517157,informal_iron_sheet,20,5800,1160000.0,True,"generated for hackathon starter kit, not a real portfolio",115000.0,0.16,0.0,0.0,0.0,0.0,0.0,0.0,0.0,0.0,0.0,0.0,0.0,0.0,0.0,9.276666666666296,Bungoma,9.805352965166744,0.0
NZA-0142,0.284666,34.510305,informal_iron_sheet,21,9200,1930000.0,True,"generated for hackathon starter kit, not a real portfolio",195000.0,0.84,0.0,0.0,0.0,0.0,0.0,0.0,0.0,0.0,0.0,0.0,0.0,0.0,0.0,7.980090406059557,Mumias,6.163292400950166,0.0
NZA-0143,0.174623,35.060375,informal_iron_sheet,23,6800,1565000.0,True,"generated for hackathon starter kit, not a real portfolio",155000.0,0.36,0.0,0.0,0.0,0.0,0.0,0.0,0.0,0.0,0.0,0.0,0.0,0.0,0.0,47.39278225637128,Kapsabet,5.947288169176911,0.0
NZA-0144,0.425533,33.925462,semi_permanent,49,9700,4755000.0,True,"generated for hackathon starter kit, not a real portfolio",475000.0,0.2125,0.0,0.0,0.0,0.0,0.0,0.0,0.0,0.0,0.0,0.0,0.0,0.0,0.0,21.834680126399473,Busia,21.077807224581285,0.0
NZA-0145,0.538147,34.75978,informal_iron_sheet,17,5000,850000.0,True,"generated for hackathon starter kit, not a real portfolio",85000.0,0.0,0.0,0.0,1.9716612968582106,0.0,2.2115481464206397,0.0,2.497894221977318,0.0,2.7019224494289262,0.0,2.893780994286492,0.0,3.13667847085787,0.9276666666666296,Webuye,7.765889141754124,0.0
NZA-0146,0.985414,34.587465,semi_permanent,33,12100,3995000.0,True,"generated for hackathon starter kit, not a real portfolio",400000.0,0.5125,0.0,0.0,0.0,0.0,0.0,0.0,0.0,0.0,0.0,0.0,0.0,0.0,0.0,45.99206303748806,Kimilili,26.5614987882362,0.0
NZA-0147,0.900762,34.081402,permanent_masonry,86,47100,40505000.0,True,"generated for hackathon starter kit, not a real portfolio",4050000.0,0.4033333333333333,0.0,0.0,0.0,0.0,0.0,0.0,0.0,0.0,0.0,0.0,0.0,0.0,0.0,27.299261434859904,Malaba,36.84289724527781,0.0
NZA-0148,0.478766,34.228147,semi_permanent,40,8900,3560000.0,True,"generated for hackathon starter kit, not a real portfolio",355000.0,0.1125,0.0,0.0,0.0,0.0,0.0,0.0,0.0,0.0,0.0,0.0,0.0,0.0,0.0,26.966234452653886,Nambale,4.0664320678600445,0.0
NZA-0149,0.209102,34.367164,semi_permanent,58,14000,8120000.0,True,"generated for hackathon starter kit, not a real portfolio",810000.0,0.75,0.0,0.0,0.0,0.0,0.0,0.0,0.0,0.0,0.0,0.0,0.0,0.0,0.0,5.247675125445555,Ugunja,9.06772560477989,0.0
NZA-0150,0.475855,33.904578,semi_permanent,27,11000,2970000.0,True,"generated for hackathon starter kit, not a real portfolio",295000.0,0.375,0.0,0.0,0.0,0.0,0.0,0.0,0.0,0.0,0.0,0.0,0.0,0.0,0.0,26.238375627227775,Busia,23.094569249380204,0.0
NZA-0151,0.811132,33.785321,permanent_masonry,93,61200,56915000.0,True,"generated for hackathon starter kit, not a real portfolio",5690000.0,0.8733333333333333,0.0,3.0199999809265137,2.2303303859203867,3.2300000190734863,2.385419614093143,3.4200000762939453,2.5257384563520078,3.559999942779541,2.6291311577492533,3.7200000286102295,2.7472944211372794,3.930000066757202,2.9023836493100363,0.0,Busia,53.28463499714102,4096889.4591675103
NZA-0152,1.091808,33.963898,informal_iron_sheet,11,6200,680000.0,True,"generated for hackathon starter kit, not a real portfolio",70000.0,0.24,0.0,0.0,0.0,0.0,0.0,0.0,0.0,0.0,0.0,0.0,0.0,0.0,0.0,21.656596390526946,Malaba,61.74736851542409,0.0
NZA-0153,0.22262,34.382704,informal_iron_sheet,24,7000,1680000.0,True,"generated for hackathon starter kit, not a real portfolio",170000.0,0.4,0.0,0.0,0.0,0.0,0.0,0.0,0.0,0.0,0.0,0.0,0.0,0.0,0.0,4.995637886084908,Ugunja,11.222426190269715,0.0
NZA-0154,0.108316,35.154712,informal_iron_sheet,10,8700,870000.0,True,"generated for hackathon starter kit, not a real portfolio",85000.0,0.74,0.0,0.0,0.0,0.0,0.0,0.0,0.0,0.0,0.0,0.0,0.0,0.0,0.0,51.583605479086174,Kapsabet,12.003229721543049,0.0
NZA-0155,-0.146898,34.202851,semi_permanent,42,14600,6130000.0,True,"generated for hackathon starter kit, not a real portfolio",615000.0,0.825,0.0,0.0,0.0,0.0,0.0,0.0,0.0,0.0,0.0,0.0,0.0,0.0,0.0,5.867079152165498,Usenge,18.059300772367163,0.0
NZA-0156,-0.178586,35.094475,permanent_masonry,108,58100,62750000.0,True,"generated for hackathon starter kit, not a real portfolio",6275000.0,0.77,0.0,0.0,0.0,0.0,0.0,0.0,0.0,0.0,0.0,0.0,0.0,0.0,0.0,26.709712717369076,Kapsabet,42.605585285173525,0.0
NZA-0157,0.549955,35.195553,informal_iron_sheet,14,5200,730000.0,True,"generated for hackathon starter kit, not a real portfolio",75000.0,0.04,0.0,0.0,0.0,0.0,0.0,0.0,0.0,0.0,0.0,0.0,0.0,0.0,0.0,35.26353736116277,Eldoret (west),9.168522425639452,0.0
NZA-0158,0.032916,34.083035,permanent_masonry,109,52900,57660000.0,True,"generated for hackathon starter kit, not a real portfolio",5765000.0,0.5966666666666667,0.0,0.0,0.0,0.0,0.0,0.0,0.0,0.0,0.0,0.0,0.0,0.0,0.0,2.6238375627227777,Usenge,11.740051177670416,0.0
NZA-0159,1.255492,35.098112,concrete_rcc,185,71300,131905000.0,True,"generated for hackathon starter kit, not a real portfolio",13190000.0,0.6085714285714285,0.0,0.0,0.0,0.0,0.0,0.0,0.0,0.0,0.0,0.0,0.0,0.0,0.0,66.30059042136706,Kitale,28.587222152769982,0.0
NZA-0160,0.512475,34.494717,semi_permanent,40,9200,3680000.0,True,"generated for hackathon starter kit, not a real portfolio",370000.0,0.15,0.0,0.0,0.0,0.0,0.0,0.0,0.0,0.0,0.0,0.0,0.0,0.0,0.0,13.184620577694448,Bungoma,9.27622938560846,0.0
NZA-0161,0.887231,34.583379,permanent_masonry,123,37500,46125000.0,True,"generated for hackathon starter kit, not a real portfolio",4610000.0,0.08333333333333333,0.0,0.0,0.0,0.0,0.0,0.0,0.0,0.0,0.0,0.0,0.0,0.0,0.0,38.068257228882025,Chwele,17.42976627587211,0.0
NZA-0162,1.042057,35.022524,semi_permanent,31,14500,4495000.0,True,"generated for hackathon starter kit, not a real portfolio",450000.0,0.8125,0.0,0.0,0.0,0.0,0.0,0.0,0.0,0.0,0.0,0.0,0.0,0.0,0.0,41.67278568668946,Kitale,3.4511787777640928,0.0
NZA-0163,-0.135662,34.531432,semi_permanent,32,13100,4190000.0,True,"generated for hackathon starter kit, not a real portfolio",420000.0,0.6375,0.0,0.0,0.0,0.0,0.0,0.0,0.0,0.0,0.0,0.0,0.0,0.0,0.0,5.9399649175916345,Siaya,34.84166626126733,0.0
NZA-0164,0.377008,34.788419,semi_permanent,30,12700,3810000.0,True,"generated for hackathon starter kit, not a real portfolio",380000.0,0.5875,0.0,0.0,0.0,0.0,0.0,0.0,0.0,0.0,0.0,0.0,0.0,0.0,0.0,15.770333333332703,Malava,10.438765538133442,0.0
NZA-0165,1.295562,33.94838,informal_iron_sheet,8,8800,705000.0,True,"generated for hackathon starter kit, not a real portfolio",70000.0,0.76,0.0,0.0,0.0,0.0,0.0,0.0,0.0,0.0,0.0,0.0,0.0,0.0,0.0,36.7571455335921,Malaba,82.17991052689095,0.0
NZA-0166,-0.004246,33.806293,permanent_masonry,81,59600,48275000.0,True,"generated for hackathon starter kit, not a real portfolio",4830000.0,0.82,0.0,0.550000011920929,0.5497144116257355,0.6000000238418579,0.5997144235466646,0.6600000262260437,0.6596435172304431,0.699999988079071,0.6996434796509067,0.7400000095367432,0.7396192093322975,0.7799999713897705,0.7822416930837219,0.0,Port Victoria,21.788498667083584,943192.3690187496
NZA-0167,-0.174577,35.134691,informal_iron_sheet,20,9300,1860000.0,True,"generated for hackathon starter kit, not a real portfolio",185000.0,0.86,0.0,0.0,0.0,0.0,0.0,0.0,0.0,0.0,0.0,0.0,0.0,0.0,0.0,31.390244247039718,Kapsabet,42.272593139565814,0.0
NZA-0168,0.084656,34.599648,informal_iron_sheet,13,5700,740000.0,True,"generated for hackathon starter kit, not a real portfolio",75000.0,0.14,0.0,0.0,0.0,0.0,0.0,0.0,0.0,0.0,0.0,0.0,0.0,0.0,0.0,23.247260034487244,Butere,18.257725549106922,0.0
NZA-0169,0.330014,33.785135,informal_iron_sheet,19,5700,1085000.0,True,"generated for hackathon starter kit, not a real portfolio",110000.0,0.14,0.0,0.0,0.0,0.0,0.0,0.0,0.0,0.0,0.0,0.0,0.0,0.0,0.0,5.867079152165498,Sio Port,28.870418185530106,0.0
NZA-0170,1.164046,34.99134,permanent_masonry,128,53500,68480000.0,True,"generated for hackathon starter kit, not a real portfolio",6850000.0,0.6166666666666667,0.0,0.0,0.0,0.0,0.0,0.0,0.0,0.0,0.0,0.0,0.0,0.0,0.0,53.53207384362921,Kitale,16.596516015888824,0.0
NZA-0171,1.193402,34.990573,semi_permanent,23,15100,3475000.0,True,"generated for hackathon starter kit, not a real portfolio",345000.0,0.8875,0.0,0.0,0.0,0.0,0.0,0.0,0.0,0.0,0.0,0.0,0.0,0.0,0.0,57.20026066179695,Kitale,19.858123077650667,0.0
NZA-0172,0.347723,34.131278,semi_permanent,44,12700,5590000.0,True,"generated for hackathon starter kit, not a real portfolio",560000.0,0.5875,0.0,0.0,0.0,0.0,0.0,0.0,0.0,0.0,0.0,0.0,0.0,0.0,0.0,19.034128614441013,Bumala,9.313591886065188,0.0
NZA-0173,0.629879,34.896,semi_permanent,50,14700,7350000.0,True,"generated for hackathon starter kit, not a real portfolio",735000.0,0.8375,0.0,0.0,0.0,0.0,0.0,0.0,0.0,0.0,0.0,0.0,0.0,0.0,0.0,5.867079152165498,Webuye,14.284057489998645,0.0
NZA-0174,0.330706,35.332061,semi_permanent,32,12100,3870000.0,True,"generated for hackathon starter kit, not a real portfolio",385000.0,0.5125,0.0,0.0,0.0,0.0,0.0,0.0,0.0,0.0,0.0,0.0,0.0,0.0,0.0,61.17678577604899,Eldoret (west),21.580838057049995,0.0
NZA-0175,0.98325,34.695033,semi_permanent,43,14800,6365000.0,True,"generated for hackathon starter kit, not a real portfolio",635000.0,0.85,0.0,0.0,0.0,0.0,0.0,0.0,0.0,0.0,0.0,0.0,0.0,0.0,0.0,38.203651576487566,Kimilili,22.022620509634173,0.0
NZA-0176,0.574189,35.188998,informal_iron_sheet,20,9500,1900000.0,True,"generated for hackathon starter kit, not a real portfolio",190000.0,0.9,0.0,0.0,0.0,0.0,0.0,0.0,0.0,0.0,0.0,0.0,0.0,0.0,0.0,33.25397113294926,Eldoret (west),11.195913647713239,0.0
NZA-0177,0.506191,33.885311,semi_permanent,48,11900,5710000.0,True,"generated for hackathon starter kit, not a real portfolio",570000.0,0.4875,0.0,0.0,0.0,0.0,0.0,0.0,0.0,0.0,0.0,0.0,0.0,0.0,0.0,27.093584556330903,Busia,25.680419107772682,0.0
NZA-0178,0.976733,33.853665,semi_permanent,31,8100,2510000.0,True,"generated for hackathon starter kit, not a real portfolio",250000.0,0.0125,0.0,0.0,0.0,0.0,0.0,0.0,0.0,0.0,0.0,0.0,0.0,0.0,0.0,3.9357563440841656,Malaba,60.75325771012515,0.0
NZA-0179,0.613792,34.321792,permanent_masonry,101,64600,65245000.0,True,"generated for hackathon starter kit, not a real portfolio",6525000.0,0.9866666666666667,0.0,0.0,0.0,0.0,0.0,0.0,0.0,0.0,0.0,0.0,0.0,0.0,0.0,32.67968354429813,Amagoro,1.9312982377874774,0.0
NZA-0180,0.718625,33.923511,permanent_masonry,55,48500,26675000.0,True,"generated for hackathon starter kit, not a real portfolio",2670000.0,0.45,0.0,0.0,0.0,0.0,0.0,0.0,0.0,0.0,0.0,0.0,0.0,0.0,0.0,12.617630808603076,Busia,35.519786238285114,0.0
NZA-0181,0.153304,35.389068,informal_iron_sheet,11,5200,570000.0,True,"generated for hackathon starter kit, not a real portfolio",55000.0,0.04,0.0,0.0,0.0,0.0,0.0,0.0,0.0,0.0,0.0,0.0,0.0,0.0,0.0,73.88793663078648,Kapsabet,32.120897092690406,0.0
NZA-0182,0.227874,33.987182,permanent_masonry,111,41200,45730000.0,True,"generated for hackathon starter kit, not a real portfolio",4575000.0,0.20666666666666667,0.0,0.0,0.0015511999653590658,0.009999999776482582,0.014771987253908549,0.029999999329447746,0.039688799968823595,0.05000000074505806,0.05936639431686113,0.07000000029802322,0.08129919404448695,0.14000000059604645,0.1505111947470321,0.0,Sio Port,3.7568462908067177,54037.41976615485
NZA-0183,0.765659,34.543054,informal_iron_sheet,13,8900,1155000.0,True,"generated for hackathon starter kit, not a real portfolio",115000.0,0.78,0.0,0.0,0.0,0.0,0.0,0.0,0.0,0.0,0.0,0.0,0.0,0.0,0.0,33.46035928112746,Chwele,9.22023335976603,0.0
NZA-0184,-0.160013,33.827759,semi_permanent,52,14400,7490000.0,True,"generated for hackathon starter kit, not a real portfolio",750000.0,0.8,0.0,0.3700000047683716,0.36403120156655666,0.4099999964237213,0.4040311932219064,0.46000000834465027,0.45403120514283535,0.5,0.4940311967981851,0.5299999713897705,0.5240311770821606,0.5699999928474426,0.5640311985398329,0.0,Usenge,27.726081322881324,147425.87428751518
NZA-0185,1.059973,33.772395,permanent_masonry,124,39300,48730000.0,True,"generated for hackathon starter kit, not a real portfolio",4875000.0,0.14333333333333334,0.0,0.0,0.0,0.0,0.0,0.0,0.0,0.0,0.0,0.0,0.0,0.0,0.0,5.642776040606423,Malaba,73.62253372158092,0.0
NZA-0186,0.682634,34.983255,informal_iron_sheet,11,5800,640000.0,True,"generated for hackathon starter kit, not a real portfolio",65000.0,0.16,0.0,0.0,0.0,0.0,0.0,0.0,0.0,0.0,0.0,0.0,0.0,0.0,0.0,7.479087771171321,Webuye,25.211597048047288,0.0
NZA-0187,0.113213,34.833715,semi_permanent,26,12100,3145000.0,True,"generated for hackathon starter kit, not a real portfolio",315000.0,0.5125,0.0,0.0,0.0,0.0,0.0,0.0,0.0,0.0,0.0,0.0,0.0,0.0,0.0,26.564330679397663,Kakamega,20.950361198442106,0.0
NZA-0188,0.978559,34.363694,informal_iron_sheet,14,8300,1160000.0,True,"generated for hackathon starter kit, not a real portfolio",115000.0,0.66,0.0,0.0,0.0,0.0,0.0,0.0,0.0,0.0,0.0,0.0,0.0,0.0,0.0,58.56068046147378,Amagoro,38.941758695228664,0.0
NZA-0189,0.350124,35.109995,semi_permanent,29,9800,2840000.0,True,"generated for hackathon starter kit, not a real portfolio",285000.0,0.225,0.0,0.0,0.0,0.0,0.0,0.0,0.0,0.0,0.0,0.0,0.0,0.0,0.0,43.044133187796234,Kapsabet,16.276023880221917,0.0
NZA-0190,0.066907,34.937693,permanent_masonry,185,49300,91205000.0,True,"generated for hackathon starter kit, not a real portfolio",9120000.0,0.4766666666666667,0.0,0.0,0.0,0.0,0.0,0.0,0.0,0.0,0.0,0.0,0.0,0.0,0.0,29.583695796839347,Kapsabet,24.078078864936984,0.0
NZA-0191,0.900958,34.589677,permanent_masonry,110,36000,39600000.0,True,"generated for hackathon starter kit, not a real portfolio",3960000.0,0.03333333333333333,0.0,0.0,0.0,0.0,0.0,0.0,0.0,0.0,0.0,0.0,0.0,0.0,0.0,39.35756344084166,Chwele,18.780271958370538,0.0
NZA-0192,1.038165,35.008153,permanent_masonry,81,57300,46415000.0,True,"generated for hackathon starter kit, not a real portfolio",4640000.0,0.7433333333333333,0.0,0.0,0.0,0.0,0.0,0.0,0.0,0.0,0.0,0.0,0.0,0.0,0.0,40.276120254781844,Kitale,2.5102355004518175,0.0
NZA-0193,-0.070194,34.756022,concrete_rcc,443,75200,333135000.0,True,"generated for hackathon starter kit, not a real portfolio",33315000.0,0.72,0.0,0.0,0.0,0.0,0.0,0.0,0.0,0.0,0.0,0.0,0.0,0.0,0.0,4.148651454254444,Kakamega,39.28683966178674,0.0
NZA-0194,-0.078109,33.841378,permanent_masonry,290,40000,116000000.0,True,"generated for hackathon starter kit, not a real portfolio",11600000.0,0.16666666666666666,0.0,0.3400000035762787,0.3425384049378912,0.3799999952316284,0.382538396593241,0.4300000071525574,0.4371920020538887,0.4699999988079071,0.47253840016951976,0.5,0.5071919931411021,0.550000011920929,0.5525384095000307,0.0,Port Victoria,24.343269930234374,1464507.9983440735
NZA-0195,0.913456,34.12594,semi_permanent,65,9200,5980000.0,True,"generated for hackathon starter kit, not a real portfolio",600000.0,0.15,0.0,0.0,0.0,0.0,0.0,0.0,0.0,0.0,0.0,0.0,0.0,0.0,0.0,32.67968354429813,Malaba,35.32801333349128,0.0
NZA-0196,1.210137,34.610609,informal_iron_sheet,16,7100,1135000.0,True,"generated for hackathon starter kit, not a real portfolio",115000.0,0.42,0.0,0.0,0.0,0.0,0.0,0.0,0.0,0.0,0.0,0.0,0.0,0.0,0.0,65.56969544266695,Kimilili,48.652112815317366,0.0
NZA-0197,0.961132,34.216405,semi_permanent,73,11100,8105000.0,True,"generated for hackathon starter kit, not a real portfolio",810000.0,0.3875,0.0,0.0,0.0,0.0,0.0,0.0,0.0,0.0,0.0,0.0,0.0,0.0,0.0,41.78620928940119,Malaba,36.87950006946022,0.0
NZA-0198,0.792632,34.650565,semi_permanent,39,9800,3820000.0,True,"generated for hackathon starter kit, not a real portfolio",380000.0,0.225,0.0,0.0,0.0,0.0,0.0,0.0,0.0,0.0,0.0,0.0,0.0,0.0,0.0,25.791802739543087,Chwele,7.261951907473247,0.0
NZA-0199,-0.072626,34.828982,permanent_masonry,136,53500,72760000.0,True,"generated for hackathon starter kit, not a real portfolio",7275000.0,0.6166666666666667,0.0,0.0,0.0,0.0,0.0,0.0,0.0,0.0,0.0,0.0,0.0,0.0,0.0,10.858059950510471,Kakamega,40.47484805091582,0.0
NZA-0200,-0.00027,34.220095,informal_iron_sheet,10,9200,920000.0,True,"generated for hackathon starter kit, not a real portfolio",90000.0,0.84,0.0,0.0,0.0,0.0,0.0,0.0,0.0,0.0,0.0,0.0,0.0,0.0,0.0,10.858059950510471,Siaya,10.204400712053582,0.0
NZA-0201,0.002237,34.709034,permanent_masonry,45,44800,20160000.0,True,"generated for hackathon starter kit, not a real portfolio",2015000.0,0.32666666666666666,0.0,0.0,0.0,0.0,0.0,0.0,0.0,0.0,0.0,0.0,0.0,0.0,0.0,11.285552081212845,Kakamega,31.583673124999592,0.0
NZA-0202,1.055605,34.184847,informal_iron_sheet,14,6300,880000.0,True,"generated for hackathon starter kit, not a real portfolio",90000.0,0.26,0.0,0.0,0.0,0.0,0.0,0.0,0.0,0.0,0.0,0.0,0.0,0.0,0.0,40.78569607240972,Malaba,47.89629641789164,0.0
NZA-0203,1.28914,34.853038,permanent_masonry,126,52500,66150000.0,True,"generated for hackathon starter kit, not a real portfolio",6615000.0,0.5833333333333334,0.0,0.0,0.0,0.0,0.0,0.0,0.0,0.0,0.0,0.0,0.0,0.0,0.0,66.89499466410587,Kitale,34.88887531290146,0.0
NZA-0204,-0.055852,33.719756,informal_iron_sheet,14,9200,1290000.0,True,"generated for hackathon starter kit, not a real portfolio",130000.0,0.84,0.0,0.36000001430511475,0.35771615458389966,0.4000000059604645,0.3979776018619092,0.46000000834465027,0.45466240433403726,0.49000000953674316,0.4859552073668543,0.5199999809265137,0.5177161272325203,0.5600000023841858,0.5577161486901924,0.0,Port Victoria,33.00424253945249,35500.05030156011
NZA-0205,0.376545,35.3465,informal_iron_sheet,13,6300,820000.0,True,"generated for hackathon starter kit, not a real portfolio",80000.0,0.26,0.0,0.0,0.0,0.0,0.0,0.0,0.0,0.0,0.0,0.0,0.0,0.0,0.0,59.203741902196874,Eldoret (west),17.551490136287548,0.0
NZA-0206,1.127888,34.607065,informal_iron_sheet,28,8800,2465000.0,True,"generated for hackathon starter kit, not a real portfolio",245000.0,0.76,0.0,0.0,0.0,0.0,0.0,0.0,0.0,0.0,0.0,0.0,0.0,0.0,0.0,57.76168477555727,Kimilili,39.97581201685587,0.0
NZA-0207,1.245841,34.340392,permanent_masonry,73,58100,42415000.0,True,"generated for hackathon starter kit, not a real portfolio",4240000.0,0.77,0.0,0.0,0.0,0.0,0.0,0.0,0.0,0.0,0.0,0.0,0.0,0.0,0.0,64.91015649341529,Chwele,64.8273630300921,0.0
NZA-0208,0.460521,34.445185,semi_permanent,25,14000,3500000.0,True,"generated for hackathon starter kit, not a real portfolio",350000.0,0.75,0.0,0.0,0.0,0.0,0.0,0.0,0.0,0.0,0.0,0.0,0.0,0.0,0.0,11.209038981504117,Mumias,14.722033144059433,0.0
NZA-0209,-0.281133,33.981186,permanent_masonry,79,54100,42740000.0,True,"generated for hackathon starter kit, not a real portfolio",4275000.0,0.6366666666666667,0.0,1.2200000286102295,1.1716298539060739,1.2899999618530273,1.2374188055717303,1.3600000143051147,1.3067834442227895,1.409999966621399,1.3567834106033858,1.4600000381469727,1.4044238703148824,1.5199999809265137,1.4625724071963804,0.0,Usenge,25.087368527934572,1668282.141982996
NZA-0210,0.816474,35.262409,semi_permanent,53,14900,7895000.0,True,"generated for hackathon starter kit, not a real portfolio",790000.0,0.8625,0.0,0.0,0.0,0.0,0.0,0.0,0.0,0.0,0.0,0.0,0.0,0.0,0.0,41.372269323785744,Eldoret (west),33.64806959944451,0.0
NZA-0211,0.961856,34.521307,semi_permanent,31,11300,3505000.0,True,"generated for hackathon starter kit, not a real portfolio",350000.0,0.4125,0.0,0.0,0.0,0.0,0.0,0.0,0.0,0.0,0.0,0.0,0.0,0.0,0.0,49.201327169315554,Chwele,27.539769588458903,0.0
NZA-0212,-0.065838,34.54263,concrete_rcc,404,70400,284415000.0,True,"generated for hackathon starter kit, not a real portfolio",28440000.0,0.5828571428571429,0.0,0.0,0.0,0.0,0.0,0.0,0.0,0.0,0.0,0.0,0.0,0.0,0.0,12.920901525133951,Butere,30.914956371791934,0.0
NZA-0213,0.91605,33.907819,permanent_masonry,176,64000,112640000.0,True,"generated for hackathon starter kit, not a real portfolio",11265000.0,0.9666666666666667,0.0,0.0,0.0,0.0,0.0,0.0,0.0,0.0,0.0,0.0,0.0,0.0,0.0,8.297302908508888,Malaba,51.848854100298645,0.0
NZA-0214,0.07754,34.549123,informal_iron_sheet,11,7800,860000.0,True,"generated for hackathon starter kit, not a real portfolio",85000.0,0.56,0.0,0.0,0.0,0.0,0.0,0.0,0.0,0.0,0.0,0.0,0.0,0.0,0.0,25.47285506399036,Butere,15.819152259762943,0.0
NZA-0215,-0.202341,34.161636,informal_iron_sheet,10,9400,940000.0,True,"generated for hackathon starter kit, not a real portfolio",95000.0,0.88,0.0,1.6200000047683716,1.1339258306779156,1.7000000476837158,1.1899221978692978,1.7999999523162842,1.2599175525572197,1.8700000047683716,1.3089143842798097,1.9299999475479126,1.350911597092563,2.009999990463257,1.406907964283945,0.0,Usenge,18.57517894046578,64200.53151659271
NZA-0216,0.833242,34.463678,informal_iron_sheet,14,7500,1050000.0,True,"generated for hackathon starter kit, not a real portfolio",105000.0,0.5,0.0,0.0,0.0,0.0,0.0,0.0,0.0,0.0,0.0,0.0,0.0,0.0,0.0,44.83615592601647,Chwele,20.55239673039842,0.0
NZA-0217,-0.098812,34.8947,informal_iron_sheet,21,9200,1930000.0,True,"generated for hackathon starter kit, not a real portfolio",195000.0,0.84,0.0,0.0,0.0,0.0,0.0,0.0,0.0,0.0,0.0,0.0,0.0,0.0,0.0,16.412098711349792,Kapsabet,41.04038373204204,0.0
NZA-0218,0.507474,34.920729,semi_permanent,54,9200,4970000.0,True,"generated for hackathon starter kit, not a real portfolio",495000.0,0.15,0.0,0.0,0.0,0.0,0.0,0.0,0.0,0.0,0.0,0.0,0.0,0.0,0.0,15.960180812119114,Malava,10.257078677386874,0.0
NZA-0219,1.054706,34.124126,semi_permanent,43,12300,5290000.0,True,"generated for hackathon starter kit, not a real portfolio",530000.0,0.5375,0.0,0.0,0.0,0.0,0.0,0.0,0.0,0.0,0.0,0.0,0.0,0.0,0.0,33.76757636977812,Malaba,49.735200731389355,0.0
NZA-0220,0.729331,34.535484,semi_permanent,50,15600,7800000.0,True,"generated for hackathon starter kit, not a real portfolio",780000.0,0.95,0.0,0.0,0.0,0.0,0.0,0.0,0.0,0.0,0.0,0.0,0.0,0.0,0.0,31.17015217764745,Chwele,9.429104877082237,0.0
NZA-0221,0.139703,35.199674,semi_permanent,49,14300,7005000.0,True,"generated for hackathon starter kit, not a real portfolio",700000.0,0.7875,0.0,0.0,0.0,0.0,0.0,0.0,0.0,0.0,0.0,0.0,0.0,0.0,0.0,57.37301478046745,Kapsabet,12.739496945964166,0.0
NZA-0222,0.963084,34.705498,semi_permanent,36,15400,5545000.0,True,"generated for hackathon starter kit, not a real portfolio",555000.0,0.925,0.0,0.0,0.0,0.0,0.0,0.0,0.0,0.0,0.0,0.0,0.0,0.0,0.0,36.131396032012354,Kimilili,19.668031664489448,0.0
NZA-0223,0.285659,34.150175,semi_permanent,30,11200,3360000.0,True,"generated for hackathon starter kit, not a real portfolio",335000.0,0.4,0.0,0.0,0.0,0.0,0.0,0.0,0.0,0.0,0.0,0.0,0.0,0.0,0.0,13.507030547911247,Bumala,5.771494722398965,0.0
NZA-0224,0.166684,33.973535,permanent_masonry,100,49700,49700000.0,True,"generated for hackathon starter kit, not a real portfolio",4970000.0,0.49,0.0,0.23000000417232513,0.5609298943218092,0.27000001072883606,0.6042948315505575,0.3199999928474426,0.6509299025039523,0.3499999940395355,0.6809298940341324,0.3799999952316284,0.7109298855643124,0.41999998688697815,0.750929867557749,0.0,Budalangi,6.590057188829015,272621.202833654
NZA-0225,0.981894,33.990876,informal_iron_sheet,15,8200,1230000.0,True,"generated for hackathon starter kit, not a real portfolio",125000.0,0.64,0.0,0.0,0.0,0.0,0.0,0.0,0.0,0.0,0.0,0.0,0.0,0.0,0.0,17.105328149763384,Malaba,50.1840858261637,0.0
NZA-0226,0.129184,34.293588,informal_iron_sheet,23,6600,1520000.0,True,"generated for hackathon starter kit, not a real portfolio",150000.0,0.32,0.0,0.0,0.0,0.0,0.0,0.0,0.0,0.0,0.0,0.0,0.0,0.0,0.0,7.925987474405912,Ugunja,6.00409620617664,0.0
NZA-0227,0.173777,33.973324,informal_iron_sheet,21,9000,1890000.0,True,"generated for hackathon starter kit, not a real portfolio",190000.0,0.8,0.0,0.23000000417232513,0.4197712339604662,0.27000001072883606,0.45977122661194536,0.3199999928474426,0.5097712365406154,0.3499999940395355,0.5397712319718113,0.3799999952316284,0.5697712274030071,0.41999998688697815,0.6097712132974598,0.0,Budalangi,7.1235309299634375,36990.01450408937
NZA-0228,0.337195,35.035908,informal_iron_sheet,19,7800,1480000.0,True,"generated for hackathon starter kit, not a real portfolio",150000.0,0.56,0.0,0.0,0.0,0.0,0.0,0.0,0.0,0.0,0.0,0.0,0.0,0.0,0.0,38.04564465948027,Kapsabet,16.703286477200706,0.0
NZA-0229,-0.248699,35.31671,semi_permanent,27,12600,3400000.0,True,"generated for hackathon starter kit, not a real portfolio",340000.0,0.575,0.0,0.0,0.0,0.0,0.0,0.0,0.0,0.0,0.0,0.0,0.0,0.0,0.0,50.12834625017642,Kapsabet,55.63261917230991,0.0
NZA-0230,0.728115,35.387876,semi_permanent,38,12000,4560000.0,True,"generated for hackathon starter kit, not a real portfolio",455000.0,0.5,0.0,0.0,0.0,0.0,0.0,0.0,0.0,0.0,0.0,0.0,0.0,0.0,0.0,53.080045828078234,Eldoret (west),27.189835206614227,0.0
NZA-0231,-0.080244,34.892939,semi_permanent,43,9100,3915000.0,True,"generated for hackathon starter kit, not a real portfolio",390000.0,0.1375,0.0,0.0,0.0,0.0,0.0,0.0,0.0,0.0,0.0,0.0,0.0,0.0,0.0,17.819894752774903,Kapsabet,39.47720093688734,0.0
NZA-0232,0.247534,34.558433,informal_iron_sheet,11,8200,900000.0,True,"generated for hackathon starter kit, not a real portfolio",90000.0,0.64,0.0,0.0,0.0,0.0,0.0,0.0,0.0,0.0,0.0,0.0,0.0,0.0,0.0,14.667697880413746,Butere,8.830752652863803,0.0
NZA-0233,0.922151,35.061651,concrete_rcc,363,76200,276605000.0,True,"generated for hackathon starter kit, not a real portfolio",27660000.0,0.7485714285714286,0.0,0.0,0.0,0.0,0.0,0.0,0.0,0.0,0.0,0.0,0.0,0.0,0.0,30.87890076483242,Kitale,12.105759360470328,0.0
NZA-0234,-0.102681,34.4462,informal_iron_sheet,15,6200,930000.0,True,"generated for hackathon starter kit, not a real portfolio",95000.0,0.24,0.0,0.0,0.0,0.0,0.0,0.0,0.0,0.0,0.0,0.0,0.0,0.0,0.0,10.24641323694364,Siaya,25.348394775994286,0.0
NZA-0235,0.277237,33.7611,concrete_rcc,540,66800,360720000.0,True,"generated for hackathon starter kit, not a real portfolio",36070000.0,0.48,0.0,0.0,0.0,0.0,0.0,0.0,0.0,0.0,0.0,0.0,0.0,0.0,0.0,4.638333333333148,Sio Port,29.515586356849067,0.0
NZA-0236,1.051056,35.348716,concrete_rcc,377,59100,222805000.0,True,"generated for hackathon starter kit, not a real portfolio",22280000.0,0.26,0.0,0.0,0.0,0.0,0.0,0.0,0.0,0.0,0.0,0.0,0.0,0.0,0.0,63.190376341828376,Kitale,38.33003549893959,0.0
NZA-0237,0.664035,33.87008,semi_permanent,40,8700,3480000.0,True,"generated for hackathon starter kit, not a real portfolio",350000.0,0.0875,0.0,0.0,0.0,0.0,0.0,0.0,0.0,0.0,0.0,0.0,0.0,0.0,0.0,12.09529352911883,Busia,35.12911452168109,0.0
NZA-0238,-0.203953,33.787429,informal_iron_sheet,14,9400,1315000.0,True,"generated for hackathon starter kit, not a real portfolio",130000.0,0.88,0.0,0.46000000834465027,0.4596576079136275,0.5099999904632568,0.5096575907898553,0.5600000023841858,0.5596576027107842,0.6000000238418579,0.599657622653214,0.6399999856948853,0.6394011867608682,0.6800000071525574,0.6796576074791558,0.0,Usenge,33.807702286129334,42561.06875117809
NZA-0239,0.094046,34.98894,informal_iron_sheet,12,8100,970000.0,True,"generated for hackathon starter kit, not a real portfolio",95000.0,0.62,0.0,0.0,0.0,0.0,0.0,0.0,0.0,0.0,0.0,0.0,0.0,0.0,0.0,35.63978950554981,Kapsabet,17.796854797814756,0.0
NZA-0240,0.839308,34.623191,informal_iron_sheet,10,5400,540000.0,True,"generated for hackathon starter kit, not a real portfolio",55000.0,0.08,0.0,0.0,0.0,0.0,0.0,0.0,0.0,0.0,0.0,0.0,0.0,0.0,0.0,31.595188170914188,Chwele,11.616998369747902,0.0
NZA-0241,0.903049,34.77593,informal_iron_sheet,10,7600,760000.0,True,"generated for hackathon starter kit, not a real portfolio",75000.0,0.52,0.0,0.0,0.0,0.0,0.0,0.0,0.0,0.0,0.0,0.0,0.0,0.0,0.0,26.709712717369076,Kimilili,14.340546873502133,0.0
NZA-0242,-0.27746,34.786991,informal_iron_sheet,12,9300,1115000.0,True,"generated for hackathon starter kit, not a real portfolio",110000.0,0.86,0.0,0.75,0.7511670878321315,0.8700000047683716,0.8706813849037598,1.0,1.0026042864615217,1.090000033378601,1.0921186092483333,1.1699999570846558,1.1701956553411985,1.2699999809265137,1.2700705645395187,0.0,Kakamega,62.47923734139155,53293.39719435503
NZA-0243,0.311782,34.453673,informal_iron_sheet,22,7900,1740000.0,True,"generated for hackathon starter kit, not a real portfolio",175000.0,0.58,0.0,0.0,0.0,0.0,0.0,0.0,0.0,0.0,0.0,0.0,0.0,0.0,0.0,2.933539576082749,Mumias,4.705952843870825,0.0
NZA-0244,0.405315,33.820881,informal_iron_sheet,20,9100,1820000.0,True,"generated for hackathon starter kit, not a real portfolio",180000.0,0.82,0.0,0.0,0.0,0.0,0.0,0.0,0.0,0.0,0.0,0.0,0.0,0.0,0.0,13.790756441261916,Sio Port,30.27965513213816,0.0
NZA-0245,0.470147,34.610429,informal_iron_sheet,8,6300,505000.0,True,"generated for hackathon starter kit, not a real portfolio",50000.0,0.26,0.0,0.0,0.0,0.0,0.0,0.0,0.0,0.0,0.0,0.0,0.0,0.0,0.0,2.074325727127222,Bungoma,11.779698496980544,0.0
NZA-0246,0.786112,35.372968,semi_permanent,31,14800,4590000.0,True,"generated for hackathon starter kit, not a real portfolio",460000.0,0.85,0.0,0.0,0.0,0.0,0.0,0.0,0.0,0.0,0.0,0.0,0.0,0.0,0.0,52.22194838805065,Eldoret (west),32.3641892151322,0.0
NZA-0247,1.02771,34.603808,permanent_masonry,89,42900,38180000.0,True,"generated for hackathon starter kit, not a real portfolio",3820000.0,0.2633333333333333,0.0,0.0,0.0,0.0,0.0,0.0,0.0,0.0,0.0,0.0,0.0,0.0,0.0,48.42562169049483,Kimilili,29.7540799120524,0.0
NZA-0248,1.278619,35.180017,semi_permanent,38,15300,5815000.0,True,"generated for hackathon starter kit, not a real portfolio",580000.0,0.9125,0.0,0.0,0.0,0.0,0.0,0.0,0.0,0.0,0.0,0.0,0.0,0.0,0.0,72.244926607722,Kitale,35.08548738888361,0.0
NZA-0249,0.784923,35.201385,semi_permanent,34,9100,3095000.0,True,"generated for hackathon starter kit, not a real portfolio",310000.0,0.1375,0.0,0.0,0.0,0.0,0.0,0.0,0.0,0.0,0.0,0.0,0.0,0.0,0.0,34.3236666666653,Eldoret (west),31.07345090930069,0.0
NZA-0250,0.30244,34.881249,semi_permanent,37,8300,3070000.0,True,"generated for hackathon starter kit, not a real portfolio",305000.0,0.0375,0.0,0.0,0.0,0.0,0.0,0.0,0.0,0.0,0.0,0.0,0.0,0.0,0.0,28.396299432221443,Kakamega,14.565300946699214,0.0
NZA-0251,1.03318,34.046947,informal_iron_sheet,11,5400,595000.0,True,"generated for hackathon starter kit, not a real portfolio",60000.0,0.08,0.0,0.0,0.0,0.0,0.0,0.0,0.0,0.0,0.0,0.0,0.0,0.0,0.0,24.978189430424543,Malaba,51.26301315108899,0.0
NZA-0252,1.194176,35.293823,informal_iron_sheet,11,8700,955000.0,True,"generated for hackathon starter kit, not a real portfolio",95000.0,0.74,0.0,0.0,0.0,0.0,0.0,0.0,0.0,0.0,0.0,0.0,0.0,0.0,0.0,70.8739761775916,Kitale,37.68052472667997,0.0
NZA-0253,0.529755,35.078419,permanent_masonry,178,41500,73870000.0,True,"generated for hackathon starter kit, not a real portfolio",7385000.0,0.21666666666666667,0.0,0.0,0.0,0.0,0.0,0.0,0.0,0.0,0.0,0.0,0.0,0.0,0.0,25.590824590508408,Eldoret (west),21.37307906941288,0.0
NZA-0254,0.343724,35.047128,concrete_rcc,697,61100,425865000.0,True,"generated for hackathon starter kit, not a real portfolio",42585000.0,0.3171428571428571,0.0,0.0,0.0,0.0,0.0,0.0,0.0,0.0,0.0,0.0,0.0,0.0,0.0,38.04564465948027,Kapsabet,16.83536400595521,0.0
NZA-0255,0.70253,33.825102,informal_iron_sheet,8,7400,590000.0,True,"generated for hackathon starter kit, not a real portfolio",60000.0,0.48,0.0,0.0,0.0,0.0,0.0,0.0,0.0,0.0,0.0,0.0,0.0,0.0,0.0,5.867079152165498,Busia,41.71915997270683,0.0
NZA-0256,-0.006645,35.185234,semi_permanent,37,14200,5255000.0,True,"generated for hackathon starter kit, not a real portfolio",525000.0,0.775,0.0,0.0,0.0,0.0,0.0,0.0,0.0,0.0,0.0,0.0,0.0,0.0,0.0,45.493514855292545,Kapsabet,25.092308450254926,0.0
NZA-0257,0.631845,34.774512,informal_iron_sheet,12,5400,650000.0,True,"generated for hackathon starter kit, not a real portfolio",65000.0,0.08,0.0,0.0,0.0,0.0,0.0,0.0,0.0,0.0,0.0,0.0,0.0,0.0,0.0,4.638333333333148,Webuye,2.7952840036050355,0.0
NZA-0258,0.574405,34.730911,semi_permanent,45,9500,4275000.0,True,"generated for hackathon starter kit, not a real portfolio",430000.0,0.1875,0.0,0.0,0.0,0.0,0.0,0.0,0.0,0.0,0.0,0.0,0.0,0.0,0.0,4.148651454254444,Webuye,5.654337160297559,0.0
NZA-0259,0.980305,33.863152,informal_iron_sheet,14,8300,1160000.0,True,"generated for hackathon starter kit, not a real portfolio",115000.0,0.66,0.0,0.0,0.0,0.0,0.0,0.0,0.0,0.0,0.0,0.0,0.0,0.0,0.0,4.638333333333148,Malaba,60.1843892881739,0.0
NZA-0260,-0.141532,35.034344,permanent_masonry,103,44900,46245000.0,True,"generated for hackathon starter kit, not a real portfolio",4625000.0,0.33,0.0,0.0,0.0,0.0,0.0,0.0,0.0,0.0,0.0,0.0,0.0,0.0,0.0,23.19166666666574,Kapsabet,39.260506591294174,0.0
NZA-0261,-0.204841,34.978545,informal_iron_sheet,17,6300,1070000.0,True,"generated for hackathon starter kit, not a real portfolio",105000.0,0.26,0.0,0.0,0.0,0.0,0.0,0.0,0.0,0.0,0.0,0.0,0.0,0.0,0.0,13.696834192209304,Kapsabet,47.63931727156486,0.0
NZA-0262,0.336428,34.151892,semi_permanent,36,15500,5580000.0,True,"generated for hackathon starter kit, not a real portfolio",560000.0,0.9375,0.0,0.0,0.0,0.0,0.0,0.0,0.0,0.0,0.0,0.0,0.0,0.0,0.0,18.668931544145,Bumala,6.7173135371215,0.0
NZA-0263,0.441061,33.936723,permanent_masonry,127,49700,63120000.0,True,"generated for hackathon starter kit, not a real portfolio",6310000.0,0.49,0.0,0.0,0.0,0.0,0.0,0.0,0.0,0.0,0.0,0.0,0.0,0.0,0.0,22.57110416242569,Busia,19.579128447003665,0.0
NZA-0264,0.582415,34.863063,semi_permanent,69,11000,7590000.0,True,"generated for hackathon starter kit, not a real portfolio",760000.0,0.375,0.0,0.0,0.0,0.0,0.0,0.0,0.0,0.0,0.0,0.0,0.0,0.0,0.0,5.9399649175916345,Webuye,10.752775718608754,0.0
NZA-0265,1.103404,34.031378,permanent_masonry,141,61800,87140000.0,True,"generated for hackathon starter kit, not a real portfolio",8715000.0,0.8933333333333333,0.0,0.0,0.0,0.0,0.0,0.0,0.0,0.0,0.0,0.0,0.0,0.0,0.0,27.674957010905985,Malaba,58.933894158834136,0.0
NZA-0266,-0.289731,34.413022,permanent_masonry,121,54300,65705000.0,True,"generated for hackathon starter kit, not a real portfolio",6570000.0,0.6433333333333333,0.0,0.17000000178813934,0.4451720164905826,0.23000000417232513,0.5072228309433614,0.30000001192092896,0.5827005162803081,0.3700000047683716,0.6506497260413224,0.4399999976158142,0.7211084050525906,0.5299999713897705,0.811108394284118,0.0,Siaya,41.466794800887875,396415.4334336827
NZA-0267,1.20618,34.952274,semi_permanent,34,15500,5270000.0,True,"generated for hackathon starter kit, not a real portfolio",525000.0,0.9375,0.0,0.0,0.0,0.0,0.0,0.0,0.0,0.0,0.0,0.0,0.0,0.0,0.0,57.702059794736,Kitale,22.037542861921462,0.0
NZA-0268,1.080481,34.541392,permanent_masonry,149,48800,72710000.0,True,"generated for hackathon starter kit, not a real portfolio",7270000.0,0.46,0.0,0.0,0.0,0.0,0.0,0.0,0.0,0.0,0.0,0.0,0.0,0.0,0.0,57.37301478046745,Kimilili,38.24445311674708,0.0
NZA-0269,1.265353,35.013313,semi_permanent,52,15800,8215000.0,True,"generated for hackathon starter kit, not a real portfolio",820000.0,0.975,0.0,0.0,0.0,0.0,0.0,0.0,0.0,0.0,0.0,0.0,0.0,0.0,0.0,64.96978917158084,Kitale,27.802648889185985,0.0
NZA-0270,0.162901,33.9899,concrete_rcc,372,55000,204600000.0,True,"generated for hackathon starter kit, not a real portfolio",20460000.0,0.14285714285714285,0.0,0.0,0.04214157185032968,0.0,0.04351202814325685,0.0,0.04522510259369773,0.0,0.04625294481339311,0.0,0.04728078703308849,0.0,0.048651243326015656,0.9276666666666296,Budalangi,4.963944420750189,0.0
NZA-0271,0.91255,35.150675,informal_iron_sheet,11,6300,695000.0,True,"generated for hackathon starter kit, not a real portfolio",70000.0,0.26,0.0,0.0,0.0,0.0,0.0,0.0,0.0,0.0,0.0,0.0,0.0,0.0,0.0,36.7571455335921,Kitale,19.76090187488197,0.0
NZA-0272,0.846355,34.649884,informal_iron_sheet,15,7500,1125000.0,True,"generated for hackathon starter kit, not a real portfolio",110000.0,0.5,0.0,0.0,0.0,0.0,0.0,0.0,0.0,0.0,0.0,0.0,0.0,0.0,0.0,30.17413197131194,Kimilili,10.22624025403095,0.0
NZA-0273,0.661502,34.61257,informal_iron_sheet,13,9800,1275000.0,True,"generated for hackathon starter kit, not a real portfolio",125000.0,0.96,0.0,0.0,0.0,0.0,0.0,0.0,0.0,0.0,0.0,0.0,0.0,0.0,0.0,20.345318350366128,Chwele,8.223494568957719,0.0
NZA-0274,0.054072,33.889111,permanent_masonry,99,63600,62965000.0,True,"generated for hackathon starter kit, not a real portfolio",6295000.0,0.9533333333333334,0.0,4.090000152587891,4.005006050599292,4.190000057220459,4.098931490725404,4.300000190734863,4.204768303461469,4.380000114440918,4.278807362006558,4.449999809265137,4.346668669390398,4.539999961853027,4.430707863104816,0.0,Port Victoria,10.590891273149703,4679697.495451029
NZA-0275,0.627349,34.64853,informal_iron_sheet,28,5900,1650000.0,True,"generated for hackathon starter kit, not a real portfolio",165000.0,0.18,0.0,0.0,0.0,0.0,0.0,0.0,0.0,0.0,0.0,0.0,0.0,0.0,0.0,15.10131923964789,Bungoma,12.096438585035747,0.0
NZA-0276,0.777207,34.376214,permanent_masonry,125,44600,55750000.0,True,"generated for hackathon starter kit, not a real portfolio",5575000.0,0.32,0.0,0.0,0.0,0.0,0.0,0.0,0.0,0.0,0.0,0.0,0.0,0.0,0.0,44.25660347965486,Amagoro,17.282436643531717,0.0
NZA-0277,1.02503,35.248999,informal_iron_sheet,14,9500,1330000.0,True,"generated for hackathon starter kit, not a real portfolio",135000.0,0.9,0.0,0.0,0.0,0.0,0.0,0.0,0.0,0.0,0.0,0.0,0.0,0.0,0.0,53.13675962290132,Kitale,27.04730428108141,0.0
NZA-0278,0.628028,33.945231,permanent_masonry,85,58800,49980000.0,True,"generated for hackathon starter kit, not a real portfolio",5000000.0,0.7933333333333333,0.0,0.0,0.0,0.0,0.0,0.0,0.0,0.0,0.0,0.0,0.0,0.0,0.0,20.345318350366128,Busia,26.25087029863393,0.0
NZA-0279,0.517021,34.628905,semi_permanent,34,9400,3195000.0,True,"generated for hackathon starter kit, not a real portfolio",320000.0,0.175,0.0,0.0,0.0,0.0,0.0,0.0,0.0,0.0,0.0,0.0,0.0,0.0,0.0,6.493666666666407,Bungoma,9.196888384464621,0.0
NZA-0280,1.185841,34.483516,semi_permanent,41,10500,4305000.0,True,"generated for hackathon starter kit, not a real portfolio",430000.0,0.3125,0.0,0.0,0.0,0.0,0.0,0.0,0.0,0.0,0.0,0.0,0.0,0.0,0.0,70.31933620119989,Kimilili,51.6163083359444,0.0
NZA-0281,0.439745,35.312734,concrete_rcc,706,66200,467370000.0,True,"generated for hackathon starter kit, not a real portfolio",46735000.0,0.46285714285714286,0.0,0.0,0.0,0.0,0.0,0.0,0.0,0.0,0.0,0.0,0.0,0.0,0.0,52.50953898102495,Eldoret (west),9.57716698156214,0.0
NZA-0282,0.791292,35.169288,semi_permanent,51,9300,4745000.0,True,"generated for hackathon starter kit, not a real portfolio",475000.0,0.1625,0.0,0.0,0.0,0.0,0.0,0.0,0.0,0.0,0.0,0.0,0.0,0.0,0.0,30.837068863804728,Kitale,30.880942641254418,0.0
NZA-0283,0.923322,34.530605,semi_permanent,27,13400,3620000.0,True,"generated for hackathon starter kit, not a real portfolio",360000.0,0.675,0.0,0.0,0.0,0.0,0.0,0.0,0.0,0.0,0.0,0.0,0.0,0.0,0.0,45.37987558990649,Chwele,23.20589043333392,0.0
NZA-0284,0.769539,35.168805,informal_iron_sheet,12,8400,1010000.0,True,"generated for hackathon starter kit, not a real portfolio",100000.0,0.68,0.0,0.0,0.0,0.0,0.0,0.0,0.0,0.0,0.0,0.0,0.0,0.0,0.0,30.216881648434246,Eldoret (west),30.55651074438321,0.0
NZA-0285,0.574865,34.657637,permanent_masonry,103,35400,36460000.0,True,"generated for hackathon starter kit, not a real portfolio",3645000.0,0.013333333333333334,0.0,0.0,0.0,0.0,0.0,0.0,0.0,0.0,0.0,0.0,0.0,0.0,0.0,9.276666666666296,Bungoma,10.875585442252776,0.0
NZA-0286,0.178493,33.901017,permanent_masonry,59,54900,32390000.0,True,"generated for hackathon starter kit, not a real portfolio",3240000.0,0.6633333333333333,0.0,0.23999999463558197,0.19957531101536288,0.2800000011920929,0.22445691284593616,0.33000001311302185,0.25555892325862767,0.3700000047683716,0.28044051656939817,0.4000000059604645,0.29910171581237743,0.44999998807907104,0.3307065658419242,0.0,Port Victoria,12.418118234786993,194483.1166296416
NZA-0287,-0.032237,33.866162,semi_permanent,39,12600,4915000.0,True,"generated for hackathon starter kit, not a real portfolio",490000.0,0.575,0.0,0.4699999988079071,0.4626311948548879,0.5199999809265137,0.5126311879538621,0.5799999833106995,0.5705658650436823,0.6200000047683716,0.6105658741910447,0.6600000262260437,0.6505658859982912,0.699999988079071,0.6954065197236579,0.0,Port Victoria,18.638725613274065,125363.21823771289
NZA-0288,1.019005,34.386734,permanent_masonry,166,51200,84990000.0,True,"generated for hackathon starter kit, not a real portfolio",8500000.0,0.54,0.0,0.0,0.0,0.0,0.0,0.0,0.0,0.0,0.0,0.0,0.0,0.0,0.0,61.79262801499621,Chwele,40.91183763001492,0.0
NZA-0289,0.87648,35.270379,semi_permanent,45,11400,5130000.0,True,"generated for hackathon starter kit, not a real portfolio",515000.0,0.425,0.0,0.0,0.0,0.0,0.0,0.0,0.0,0.0,0.0,0.0,0.0,0.0,0.0,45.237425069169504,Kitale,33.24117304931933,0.0
NZA-0290,0.727901,34.986233,informal_iron_sheet,14,6400,895000.0,True,"generated for hackathon starter kit, not a real portfolio",90000.0,0.28,0.0,0.0,0.0,0.0,0.0,0.0,0.0,0.0,0.0,0.0,0.0,0.0,0.0,9.550912894121891,Webuye,27.595619744773128,0.0
NZA-0291,1.182063,35.231795,concrete_rcc,329,67200,221090000.0,True,"generated for hackathon starter kit, not a real portfolio",22110000.0,0.49142857142857144,0.0,0.0,0.0,0.0,0.0,0.0,0.0,0.0,0.0,0.0,0.0,0.0,0.0,65.10211067153315,Kitale,31.20255638832056,0.0
NZA-0292,0.95596,35.318004,informal_iron_sheet,14,9400,1315000.0,True,"generated for hackathon starter kit, not a real portfolio",130000.0,0.88,0.0,0.0,0.0,0.0,0.0,0.0,0.0,0.0,0.0,0.0,0.0,0.0,0.0,54.29029975255236,Kitale,35.34005865055338,0.0
NZA-0293,1.153901,34.966821,permanent_masonry,58,36800,21345000.0,True,"generated for hackathon starter kit, not a real portfolio",2135000.0,0.06,0.0,0.0,0.0,0.0,0.0,0.0,0.0,0.0,0.0,0.0,0.0,0.0,0.0,52.353614398199255,Kitale,15.996844337184339,0.0
NZA-0294,0.965489,34.374677,concrete_rcc,274,51700,141660000.0,True,"generated for hackathon starter kit, not a real portfolio",14165000.0,0.04857142857142857,0.0,0.0,0.0,0.0,0.0,0.0,0.0,0.0,0.0,0.0,0.0,0.0,0.0,59.39964917591635,Chwele,37.4710412844676,0.0
NZA-0295,0.368369,34.148271,concrete_rcc,576,67000,385920000.0,True,"generated for hackathon starter kit, not a real portfolio",38590000.0,0.4857142857142857,0.0,0.0,0.0,0.0,0.0,0.0,0.0,0.0,0.0,0.0,0.0,0.0,0.0,22.302619283143606,Bumala,9.543705718603128,0.0
NZA-0296,0.834715,35.024396,semi_permanent,46,9400,4325000.0,True,"generated for hackathon starter kit, not a real portfolio",430000.0,0.175,0.0,0.0,0.0,0.0,0.0,0.0,0.0,0.0,0.0,0.0,0.0,0.0,0.0,20.597542671665405,Kitale,20.248811010063804,0.0
NZA-0297,0.910832,35.060717,informal_iron_sheet,17,5100,865000.0,True,"generated for hackathon starter kit, not a real portfolio",85000.0,0.02,0.0,0.0,0.0,0.0,0.0,0.0,0.0,0.0,0.0,0.0,0.0,0.0,0.0,30.102747598847643,Kitale,13.157051270291598,0.0
NZA-0298,0.35965,35.324168,informal_iron_sheet,23,5300,1220000.0,True,"generated for hackathon starter kit, not a real portfolio",120000.0,0.06,0.0,0.0,0.0,0.0,0.0,0.0,0.0,0.0,0.0,0.0,0.0,0.0,0.0,58.09593508250678,Eldoret (west),18.248426810214102,0.0
NZA-0299,0.153178,34.779217,semi_permanent,27,8800,2375000.0,True,"generated for hackathon starter kit, not a real portfolio",240000.0,0.1,0.0,0.0,0.0,0.0,0.0,0.0,0.0,0.0,0.0,0.0,0.0,0.0,0.0,29.12932419782777,Kakamega,14.7355517061912,0.0
NZA-0300,0.458554,35.18356,semi_permanent,24,15000,3600000.0,True,"generated for hackathon starter kit, not a real portfolio",360000.0,0.875,0.0,0.0,0.0,0.0,0.0,0.0,0.0,0.0,0.0,0.0,0.0,0.0,0.0,39.55386173308334,Eldoret (west),11.430990965506943,0.0
NZA-0301,-0.162183,34.160557,permanent_masonry,128,62300,79745000.0,True,"generated for hackathon starter kit, not a real portfolio",7975000.0,0.91,0.0,0.0,0.0,0.0,0.0,0.0,0.0,0.0,0.0,0.0,0.0,0.0,0.0,4.638333333333148,Usenge,15.185551931671878,0.0
NZA-0302,0.308398,34.177234,semi_permanent,51,15100,7700000.0,True,"generated for hackathon starter kit, not a real portfolio",770000.0,0.8875,0.0,0.0,0.0,0.0,0.0,0.0,0.0,0.0,0.0,0.0,0.0,0.0,0.0,14.986913658254723,Bumala,2.7011510486503063,0.0
NZA-0303,0.949621,34.475347,informal_iron_sheet,14,6400,895000.0,True,"generated for hackathon starter kit, not a real portfolio",90000.0,0.28,0.0,0.0,0.0,0.0,0.0,0.0,0.0,0.0,0.0,0.0,0.0,0.0,0.0,51.433239993432366,Chwele,28.81125706284903,0.0
NZA-0304,0.668158,33.957035,concrete_rcc,403,63900,257515000.0,True,"generated for hackathon starter kit, not a real portfolio",25750000.0,0.39714285714285713,0.0,0.0,0.0,0.0,0.0,0.0,0.0,0.0,0.0,0.0,0.0,0.0,0.0,18.296446591862097,Busia,28.783262106067685,0.0
NZA-0305,0.980948,35.148597,informal_iron_sheet,13,5600,730000.0,True,"generated for hackathon starter kit, not a real portfolio",75000.0,0.12,0.0,0.0,0.0,0.0,0.0,0.0,0.0,0.0,0.0,0.0,0.0,0.0,0.0,41.579754423141445,Kitale,16.316285594636522,0.0
NZA-0306,0.332437,35.079992,permanent_masonry,92,37300,34315000.0,True,"generated for hackathon starter kit, not a real portfolio",3430000.0,0.07666666666666666,0.0,0.0,0.0,0.0,0.0,0.0,0.0,0.0,0.0,0.0,0.0,0.0,0.0,42.00189473239237,Kapsabet,14.566091370592533,0.0
NZA-0307,1.250294,35.241248,concrete_rcc,389,79400,308865000.0,True,"generated for hackathon starter kit, not a real portfolio",30885000.0,0.84,0.0,0.0,0.0,0.0,0.0,0.0,0.0,0.0,0.0,0.0,0.0,0.0,0.0,72.71983674425216,Kitale,36.967241725058955,0.0
NZA-0308,0.694308,33.996537,permanent_masonry,198,62200,123155000.0,True,"generated for hackathon starter kit, not a real portfolio",12315000.0,0.9066666666666666,0.0,0.0,0.0,0.0,0.0,0.0,0.0,0.0,0.0,0.0,0.0,0.0,0.0,21.41684808483387,Busia,28.973469840285208,0.0
NZA-0309,1.00907,34.814645,semi_permanent,65,11300,7345000.0,True,"generated for hackathon starter kit, not a real portfolio",735000.0,0.4125,0.0,0.0,0.0,0.0,0.0,0.0,0.0,0.0,0.0,0.0,0.0,0.0,0.0,37.129851090462104,Kitale,21.335859839259722,0.0
NZA-0310,-0.138074,33.746357,informal_iron_sheet,16,7700,1230000.0,True,"generated for hackathon starter kit, not a real portfolio",125000.0,0.54,0.0,0.3199999928474426,0.3211969633515641,0.36000001430511475,0.36166936121698606,0.4099999964237213,0.41145292437675574,0.4399999976158142,0.44132307298767554,0.47999998927116394,0.47991929554490187,0.5099999904632568,0.5110200765220464,0.0,Usenge,35.72635160139248,32490.65488057534
NZA-0311,0.156966,33.874016,semi_permanent,44,8600,3785000.0,True,"generated for hackathon starter kit, not a real portfolio",380000.0,0.075,0.0,0.6299999952316284,0.5454819138613737,0.8100000023841858,0.7044651505003214,1.1100000143051147,0.9701292956838683,1.25,1.0875555396449506,1.350000023841858,1.1768023561439975,1.4500000476837158,1.2639729202871428,0.0,Port Victoria,13.188848974808828,196125.5768067662
NZA-0312,-0.216944,34.610915,informal_iron_sheet,15,6000,900000.0,True,"generated for hackathon starter kit, not a real portfolio",90000.0,0.2,0.0,0.38999998569488525,0.3619967984917929,0.5400000214576721,0.5073296108869412,0.699999988079071,0.6906655969811535,0.8500000238418579,0.8500000238418579,1.0,1.0,1.1399999856948853,1.1353327901459265,0.0,Siaya,47.43403500302522,43186.11382897111
NZA-0313,-0.264664,34.910856,permanent_masonry,101,52500,53025000.0,True,"generated for hackathon starter kit, not a real portfolio",5300000.0,0.5833333333333334,0.0,0.0,0.0,0.0,0.0,0.0,0.0,0.0,0.0,0.0,0.0,0.0,0.0,4.638333333333148,Kapsabet,56.47062563243969,0.0
NZA-0314,0.039246,34.809932,permanent_masonry,93,51900,48265000.0,True,"generated for hackathon starter kit, not a real portfolio",4825000.0,0.5633333333333334,0.0,0.0,0.0,0.0,0.0,0.0,0.0,0.0,0.0,0.0,0.0,0.0,0.0,17.84402461454307,Kakamega,27.860553187925035,0.0
NZA-0315,1.124506,33.892295,permanent_masonry,59,63800,37640000.0,True,"generated for hackathon starter kit, not a real portfolio",3765000.0,0.96,0.0,0.0,0.0,0.0,0.0,0.0,0.0,0.0,0.0,0.0,0.0,0.0,0.0,18.553333333332592,Malaba,69.42494198702748,0.0
NZA-0316,0.345467,34.256804,informal_iron_sheet,16,5800,930000.0,True,"generated for hackathon starter kit, not a real portfolio",95000.0,0.16,0.0,0.0,0.0,0.0,0.0,0.0,0.0,0.0,0.0,0.0,0.0,0.0,0.0,12.445954362763333,Bumala,8.099397778525159,0.0
NZA-0317,-0.19775,34.547148,semi_permanent,41,13200,5410000.0,True,"generated for hackathon starter kit, not a real portfolio",540000.0,0.65,0.0,0.12999999523162842,0.13302569231414546,0.3799999952316284,0.3819371453842473,0.6899999976158142,0.6884223991202765,0.8500000238418579,0.850000023841858,0.9900000095367432,0.9915776080322808,1.1200000047683716,1.1215776032639093,0.0,Siaya,40.77350245803132,179309.117672237
NZA-0318,-0.180077,33.715615,informal_iron_sheet,15,6400,960000.0,True,"generated for hackathon starter kit, not a real portfolio",95000.0,0.28,0.0,0.4699999988079071,0.4629323347449836,0.5199999809265137,0.5136163870144117,0.5799999833106995,0.5736163893985974,0.6200000047683716,0.6136164108562696,0.6600000262260437,0.6496026921014851,0.699999988079071,0.6936163941669691,0.0,Usenge,40.24628960730774,35713.62957943797
NZA-0319,0.742574,34.693275,informal_iron_sheet,12,6800,815000.0,True,"generated for hackathon starter kit, not a real portfolio",80000.0,0.36,0.0,0.0,0.0,0.0,0.0,0.0,0.0,0.0,0.0,0.0,0.0,0.0,0.0,18.783818361083934,Kimilili,5.771317426644598,0.0
NZA-0320,0.767671,34.547825,semi_permanent,25,14800,3700000.0,True,"generated for hackathon starter kit, not a real portfolio",370000.0,0.85,0.0,0.0,0.0,0.0,0.0,0.0,0.0,0.0,0.0,0.0,0.0,0.0,0.0,34.109888315396105,Chwele,8.819065325949936,0.0
NZA-0321,0.276305,34.64447,concrete_rcc,186,66900,124435000.0,True,"generated for hackathon starter kit, not a real portfolio",12445000.0,0.4828571428571429,0.0,0.0,0.0,0.0,0.0,0.0,0.0,0.0,0.0,0.0,0.0,0.0,0.0,15.43945038241621,Kakamega,11.979822728864558,0.0
NZA-0322,1.25903,35.393372,permanent_masonry,47,39100,18375000.0,True,"generated for hackathon starter kit, not a real portfolio",1840000.0,0.13666666666666666,0.0,0.0,0.0,0.0,0.0,0.0,0.0,0.0,0.0,0.0,0.0,0.0,0.0,83.61874333013233,Kitale,50.90382931875548,0.0
NZA-0323,-0.296545,34.470554,informal_iron_sheet,23,8500,1955000.0,True,"generated for hackathon starter kit, not a real portfolio",195000.0,0.7,0.0,3.119999885559082,3.1598886874711036,3.2300000190734863,3.269553613313439,3.3499999046325684,3.3892183071840343,3.430000066757202,3.46888326962839,3.5,3.5388831948793973,3.5799999237060547,3.618883118585452,0.0,Siaya,44.70415111560158,175096.6076306984
NZA-0324,0.033137,35.342208,semi_permanent,45,9800,4410000.0,True,"generated for hackathon starter kit, not a real portfolio",440000.0,0.225,0.0,0.0,0.0,0.0,0.0,0.0,0.0,0.0,0.0,0.0,0.0,0.0,0.0,62.0497364897236,Kapsabet,32.542306256186336,0.0
NZA-0325,0.594286,34.69312,semi_permanent,35,10100,3535000.0,True,"generated for hackathon starter kit, not a real portfolio",355000.0,0.2625,0.0,0.0,0.0,0.0,0.0,0.0,0.0,0.0,0.0,0.0,0.0,0.0,0.0,8.552664074881692,Webuye,8.64492886635002,0.0
NZA-0326,0.115034,34.472817,permanent_masonry,68,44300,30125000.0,True,"generated for hackathon starter kit, not a real portfolio",3010000.0,0.31,0.0,0.0,0.0,0.0,0.0,0.0,0.0,0.0,0.0,0.0,0.0,0.0,0.0,19.91784802354052,Butere,10.410053340216345,0.0
NZA-0327,1.001417,34.038693,concrete_rcc,995,72800,724360000.0,True,"generated for hackathon starter kit, not a real portfolio",72435000.0,0.6514285714285715,0.0,0.0,0.0,0.0,0.0,0.0,0.0,0.0,0.0,0.0,0.0,0.0,0.0,23.19166666666574,Malaba,48.7467493628074,0.0
NZA-0328,-0.104347,35.09238,semi_permanent,45,10900,4905000.0,True,"generated for hackathon starter kit, not a real portfolio",490000.0,0.3625,0.0,0.0,0.0,0.0,0.0,0.0,0.0,0.0,0.0,0.0,0.0,0.0,0.0,30.627052330323423,Kapsabet,34.35392278632709,0.0
NZA-0329,0.295155,34.238132,concrete_rcc,288,64000,184320000.0,True,"generated for hackathon starter kit, not a real portfolio",18430000.0,0.4,0.0,0.0,0.0,0.0,0.0,0.0,0.0,0.0,0.0,0.0,0.0,0.0,0.0,9.18343146952972,Bumala,4.278820959684704,0.0
NZA-0330,0.78048,34.173979,semi_permanent,47,15700,7380000.0,True,"generated for hackathon starter kit, not a real portfolio",740000.0,0.9625,0.0,0.0,0.0,0.0,0.0,0.0,0.0,0.0,0.0,0.0,0.0,0.0,0.0,39.98663021283051,Malaba,19.94898717954152,0.0
NZA-0331,-0.109391,34.341276,concrete_rcc,910,60100,546910000.0,True,"generated for hackathon starter kit, not a real portfolio",54690000.0,0.2885714285714286,0.0,0.0,0.0,0.0,0.0,0.0,0.0,0.0,0.0,0.0,0.0,0.0,0.0,12.09529352911883,Siaya,19.89134867218312,0.0
NZA-0332,0.048393,34.565011,informal_iron_sheet,24,9700,2330000.0,True,"generated for hackathon starter kit, not a real portfolio",235000.0,0.94,0.0,0.0,0.0,0.0,0.0,0.0,0.0,0.0,0.0,0.0,0.0,0.0,0.0,21.356490478435802,Butere,19.506674944114447,0.0
NZA-0333,0.25734,34.321241,informal_iron_sheet,16,5500,880000.0,True,"generated for hackathon starter kit, not a real portfolio",90000.0,0.1,0.0,0.0,0.0,0.0,0.0,0.0,0.0,0.0,0.0,0.0,0.0,0.0,0.0,0.9276666666666296,Ugunja,8.976535404189205,0.0
NZA-0334,0.69927,35.031547,permanent_masonry,106,58300,61800000.0,True,"generated for hackathon starter kit, not a real portfolio",6180000.0,0.7766666666666666,0.0,0.0,0.0,0.0,0.0,0.0,0.0,0.0,0.0,0.0,0.0,0.0,0.0,13.020422134306628,Webuye,30.89716931706822,0.0
NZA-0335,0.481944,34.066823,concrete_rcc,585,78200,457470000.0,True,"generated for hackathon starter kit, not a real portfolio",45745000.0,0.8057142857142857,0.0,0.0,0.0,0.0,0.0,0.0,0.0,0.0,0.0,0.0,0.0,0.0,0.0,28.168090808177155,Busia,5.502126628715206,0.0
NZA-0336,1.241742,34.091352,permanent_masonry,64,56000,35840000.0,True,"generated for hackathon starter kit, not a real portfolio",3585000.0,0.7,0.0,0.0,0.0,0.0,0.0,0.0,0.0,0.0,0.0,0.0,0.0,0.0,0.0,43.37275713573447,Malaba,70.62538834556305,0.0
NZA-0337,1.198726,34.755269,informal_iron_sheet,19,5900,1120000.0,True,"generated for hackathon starter kit, not a real portfolio",110000.0,0.18,0.0,0.0,0.0,0.0,0.0,0.0,0.0,0.0,0.0,0.0,0.0,0.0,0.0,58.501869821017536,Kitale,34.57379283960394,0.0
NZA-0338,0.446663,33.736635,semi_permanent,63,8900,5605000.0,True,"generated for hackathon starter kit, not a real portfolio",560000.0,0.1125,0.0,0.0,0.0,0.0,0.0,0.0,0.0,0.0,0.0,0.0,0.0,0.0,0.0,14.401259393229973,Sio Port,40.39332125489519,0.0
NZA-0339,0.024772,34.30548,permanent_masonry,106,47000,49820000.0,True,"generated for hackathon starter kit, not a real portfolio",4980000.0,0.4,0.0,0.0,0.0,0.0,0.0,0.0,0.0,0.0,0.0,0.0,0.0,0.0,0.0,18.01202855192967,Siaya,4.493028250070324,0.0
NZA-0340,0.171572,35.11162,permanent_masonry,106,43500,46110000.0,True,"generated for hackathon starter kit, not a real portfolio",4610000.0,0.2833333333333333,0.0,0.0,0.0,0.0,0.0,0.0,0.0,0.0,0.0,0.0,0.0,0.0,0.0,51.76679238662354,Kapsabet,3.6843325410593746,0.0
NZA-0341,0.795236,35.292739,semi_permanent,70,9600,6720000.0,True,"generated for hackathon starter kit, not a real portfolio",670000.0,0.2,0.0,0.0,0.0,0.0,0.0,0.0,0.0,0.0,0.0,0.0,0.0,0.0,0.0,44.34401921968055,Eldoret (west),31.37786651044908,0.0
NZA-0342,-0.126004,34.84036,informal_iron_sheet,13,8000,1040000.0,True,"generated for hackathon starter kit, not a real portfolio",105000.0,0.6,0.0,0.0,0.0,0.0,0.0,0.0,0.0,0.0,0.0,0.0,0.0,0.0,0.0,9.276666666666296,Kakamega,46.550336520070545,0.0
NZA-0343,-0.199741,34.026399,concrete_rcc,343,71500,245245000.0,True,"generated for hackathon starter kit, not a real portfolio",24525000.0,0.6142857142857143,0.0,0.4000000059604645,0.4029253750180882,0.44999998807907104,0.45468919758205784,0.5099999904632568,0.5178210059006465,0.550000011920929,0.5593784029770926,0.5899999737739563,0.59937839277993,0.6399999856948853,0.649378404700859,0.0,Usenge,14.919234275351043,1626614.9482477794
NZA-0344,0.111087,34.308282,concrete_rcc,492,69000,339480000.0,True,"generated for hackathon starter kit, not a real portfolio",33950000.0,0.5428571428571428,0.0,0.0,0.0,0.0,0.0,0.0,0.0,0.0,0.0,0.0,0.0,0.0,0.0,9.991275772169816,Siaya,5.990624415046083,0.0
NZA-0345,0.624731,34.421918,semi_permanent,43,15700,6750000.0,True,"generated for hackathon starter kit, not a real portfolio",675000.0,0.9625,0.0,0.0,0.0,0.0,0.0,0.0,0.0,0.0,0.0,0.0,0.0,0.0,0.0,27.55029440858916,Amagoro,10.922134408512251,0.0
NZA-0346,1.240717,35.148812,semi_permanent,35,12100,4235000.0,True,"generated for hackathon starter kit, not a real portfolio",425000.0,0.5125,0.0,0.0,0.0,0.0,0.0,0.0,0.0,0.0,0.0,0.0,0.0,0.0,0.0,66.50794226589852,Kitale,29.655715701024377,0.0
NZA-0347,0.230103,34.12453,informal_iron_sheet,10,5600,560000.0,True,"generated for hackathon starter kit, not a real portfolio",55000.0,0.12,0.0,0.0,0.0,0.0,0.0,0.0,0.0,0.0,0.0,0.0,0.0,0.0,0.0,9.32293461785944,Funyula,5.2135871809845105,0.0
NZA-0348,-0.158487,34.968485,semi_permanent,41,12100,4960000.0,True,"generated for hackathon starter kit, not a real portfolio",495000.0,0.5125,0.0,0.0,0.0,0.0,0.0,0.0,0.0,0.0,0.0,0.0,0.0,0.0,0.0,15.743025376336663,Kapsabet,43.11861344341243,0.0
NZA-0349,0.964796,34.438534,permanent_masonry,148,40200,59495000.0,True,"generated for hackathon starter kit, not a real portfolio",5950000.0,0.17333333333333334,0.0,0.0,0.0,0.0,0.0,0.0,0.0,0.0,0.0,0.0,0.0,0.0,0.0,56.22149835644895,Chwele,32.59483115201436,0.0
NZA-0350,1.0998,34.915436,permanent_masonry,143,43800,62635000.0,True,"generated for hackathon starter kit, not a real portfolio",6265000.0,0.29333333333333333,0.0,0.0,0.0,0.0,0.0,0.0,0.0,0.0,0.0,0.0,0.0,0.0,0.0,45.45566666666485,Kitale,13.774151464436232,0.0
NZA-0351,0.273103,34.838045,concrete_rcc,364,66900,243515000.0,True,"generated for hackathon starter kit, not a real portfolio",24350000.0,0.4828571428571429,0.0,0.0,0.0,0.0,0.0,0.0,0.0,0.0,0.0,0.0,0.0,0.0,0.0,28.274817380291335,Kakamega,9.6486241939135,0.0
NZA-0352,0.508895,35.217335,informal_iron_sheet,8,9200,735000.0,True,"generated for hackathon starter kit, not a real portfolio",75000.0,0.84,0.0,0.0,0.0,0.0,0.0,0.0,0.0,0.0,0.0,0.0,0.0,0.0,0.0,39.4667385838293,Eldoret (west),5.871093877780818,0.0
NZA-0353,0.796888,34.850966,semi_permanent,49,15800,7740000.0,True,"generated for hackathon starter kit, not a real portfolio",775000.0,0.975,0.0,0.0,0.0,0.0,0.0,0.0,0.0,0.0,0.0,0.0,0.0,0.0,0.0,12.617630808603076,Kimilili,14.620075439206852,0.0
NZA-0354,0.787981,34.126489,semi_permanent,57,13100,7465000.0,True,"generated for hackathon starter kit, not a real portfolio",745000.0,0.6375,0.0,0.0,0.0,0.0,0.0,0.0,0.0,0.0,0.0,0.0,0.0,0.0,0.0,35.44609356316699,Malaba,24.046680723370955,0.0
NZA-0355,0.864138,34.433399,informal_iron_sheet,16,9700,1550000.0,True,"generated for hackathon starter kit, not a real portfolio",155000.0,0.94,0.0,0.0,0.0,0.0,0.0,0.0,0.0,0.0,0.0,0.0,0.0,0.0,0.0,49.37592433677486,Chwele,25.26103320961432,0.0
NZA-0356,0.75526,34.406184,informal_iron_sheet,15,7400,1110000.0,True,"generated for hackathon starter kit, not a real portfolio",110000.0,0.48,0.0,0.0,0.0,0.0,0.0,0.0,0.0,0.0,0.0,0.0,0.0,0.0,0.0,40.414764796487745,Amagoro,16.584155722759792,0.0
NZA-0357,-0.274891,34.000098,semi_permanent,22,14100,3100000.0,True,"generated for hackathon starter kit, not a real portfolio",310000.0,0.7625,0.0,0.5699999928474426,1.323245231752804,0.6200000047683716,1.3756225950711287,0.6800000071525574,1.4356225967727005,0.7300000190734863,1.4807533843145118,0.7699999809265137,1.523245220514489,0.8199999928474426,1.5756225676936102,0.0,Usenge,23.76318245954218,88274.50661363045
NZA-0358,0.257418,35.240719,informal_iron_sheet,13,8600,1120000.0,True,"generated for hackathon starter kit, not a real portfolio",110000.0,0.72,0.0,0.0,0.0,0.0,0.0,0.0,0.0,0.0,0.0,0.0,0.0,0.0,0.0,60.29833333333092,Kapsabet,16.235832897731665,0.0
NZA-0359,-0.179782,34.04073,informal_iron_sheet,19,7900,1500000.0,True,"generated for hackathon starter kit, not a real portfolio",150000.0,0.58,0.0,0.3700000047683716,0.370738404064229,0.4300000071525574,0.4307384064484147,0.49000000953674316,0.49073840883260056,0.5299999713897705,0.5307383750868349,0.5699999928474426,0.5710245957103768,0.6200000047683716,0.6210246076313058,0.0,Usenge,12.407757434988675,46114.23889089776
NZA-0360,-0.211896,34.215362,semi_permanent,46,14700,6760000.0,True,"generated for hackathon starter kit, not a real portfolio",675000.0,0.8375,0.0,0.0,0.0,0.0,0.0,0.0,0.0,0.0,0.0,0.0,0.0,0.0,0.0,2.6238375627227777,Usenge,23.422211512757563,0.0
NZA-0361,0.136668,35.356317,semi_permanent,33,8900,2935000.0,True,"generated for hackathon starter kit, not a real portfolio",295000.0,0.1125,0.0,0.0,0.0,0.0,0.0,0.0,0.0,0.0,0.0,0.0,0.0,0.0,0.0,69.8404248205201,Kapsabet,28.96225148007409,0.0
NZA-0362,0.993362,34.81099,semi_permanent,32,10900,3490000.0,True,"generated for hackathon starter kit, not a real portfolio",350000.0,0.3625,0.0,0.0,0.0,0.0,0.0,0.0,0.0,0.0,0.0,0.0,0.0,0.0,0.0,35.32449425603068,Kitale,21.871767763539253,0.0
NZA-0363,0.093722,35.125256,informal_iron_sheet,17,7400,1260000.0,True,"generated for hackathon starter kit, not a real portfolio",125000.0,0.48,0.0,0.0,0.0,0.0,0.0,0.0,0.0,0.0,0.0,0.0,0.0,0.0,0.0,48.95584503179968,Kapsabet,12.481504781524897,0.0
NZA-0364,0.481802,33.718245,semi_permanent,38,14000,5320000.0,True,"generated for hackathon starter kit, not a real portfolio",530000.0,0.75,0.0,0.0,0.0,0.0,0.0,0.0,0.0,0.0,0.0,0.0,0.0,0.0,0.0,17.723046781583495,Busia,43.83786717882001,0.0
NZA-0365,0.803341,34.813402,semi_permanent,48,14800,7105000.0,True,"generated for hackathon starter kit, not a real portfolio",710000.0,0.85,0.0,0.0,0.0,0.0,0.0,0.0,0.0,0.0,0.0,0.0,0.0,0.0,0.0,14.986913658254723,Kimilili,10.555048426632696,0.0
NZA-0366,0.435186,34.383184,permanent_masonry,67,36500,24455000.0,True,"generated for hackathon starter kit, not a real portfolio",2445000.0,0.05,0.0,0.0,0.0,0.0,0.0,0.0,0.0,0.0,0.0,0.0,0.0,0.0,0.0,12.887557207545752,Nambale,14.421785556593576,0.0
NZA-0367,0.79895,35.329582,informal_iron_sheet,14,7900,1105000.0,True,"generated for hackathon starter kit, not a real portfolio",110000.0,0.58,0.0,0.0,0.0,0.0,0.0,0.0,0.0,0.0,0.0,0.0,0.0,0.0,0.0,47.925454314195484,Eldoret (west),32.37847745864236,0.0
NZA-0368,1.140014,35.187459,concrete_rcc,505,56000,282800000.0,True,"generated for hackathon starter kit, not a real portfolio",28280000.0,0.17142857142857143,0.0,0.0,0.0,0.0,0.0,0.0,0.0,0.0,0.0,0.0,0.0,0.0,0.0,58.70744931437342,Kitale,24.46668082061024,0.0
NZA-0369,1.153627,34.759466,semi_permanent,39,13300,5185000.0,True,"generated for hackathon starter kit, not a real portfolio",520000.0,0.6625,0.0,0.0,0.0,0.0,0.0,0.0,0.0,0.0,0.0,0.0,0.0,0.0,0.0,53.78066993611689,Kitale,31.465753045052455,0.0
NZA-0370,0.134927,35.299035,permanent_masonry,115,47500,54625000.0,True,"generated for hackathon starter kit, not a real portfolio",5460000.0,0.4166666666666667,0.0,0.0,0.0,0.0,0.0,0.0,0.0,0.0,0.0,0.0,0.0,0.0,0.0,64.96978917158084,Kapsabet,22.92700016774202,0.0
NZA-0371,0.41675,34.966914,permanent_masonry,63,52400,33010000.0,True,"generated for hackathon starter kit, not a real portfolio",3300000.0,0.58,0.0,0.0,0.0,0.0,0.0,0.0,0.0,0.0,0.0,0.0,0.0,0.0,0.0,26.238375627227775,Malava,13.064564576700825,0.0
NZA-0372,0.188227,33.875189,informal_iron_sheet,15,6200,930000.0,True,"generated for hackathon starter kit, not a real portfolio",95000.0,0.24,0.0,0.0,0.0,0.0,0.0,0.0,0.0,0.0,0.0,0.0,0.0,0.0,0.0,2.6238375627227777,Port Victoria,15.203537141303908,0.0
NZA-0373,1.002419,34.710645,concrete_rcc,282,54300,153125000.0,True,"generated for hackathon starter kit, not a real portfolio",15315000.0,0.12285714285714286,0.0,0.0,0.0,0.0,0.0,0.0,0.0,0.0,0.0,0.0,0.0,0.0,0.0,39.8464960190965,Kimilili,24.00304311476065,0.0
NZA-0374,0.148013,35.314808,semi_permanent,30,13100,3930000.0,True,"generated for hackathon starter kit, not a real portfolio",395000.0,0.6375,0.0,0.0,0.0,0.0,0.0,0.0,0.0,0.0,0.0,0.0,0.0,0.0,0.0,66.95928587996737,Kapsabet,24.1722322358666,0.0
NZA-0375,0.328548,33.936989,informal_iron_sheet,20,5500,1100000.0,True,"generated for hackathon starter kit, not a real portfolio",110000.0,0.1,0.0,0.0,0.0,0.0,0.0,0.0,0.0,0.0,0.0,0.0,0.0,0.0,0.0,10.858059950510471,Sio Port,15.211775018225573,0.0
NZA-0376,-0.061283,34.733168,informal_iron_sheet,11,8100,890000.0,True,"generated for hackathon starter kit, not a real portfolio",90000.0,0.62,0.0,0.0,0.0,0.0,0.0,0.0,0.0,0.0,0.0,0.0,0.0,0.0,0.0,4.730190435442717,Kakamega,38.348918483860025,0.0
NZA-0377,0.008762,33.820651,concrete_rcc,578,73700,425985000.0,True,"generated for hackathon starter kit, not a real portfolio",42600000.0,0.6771428571428572,0.0,0.6200000047683716,0.6066638458223157,0.6800000071525574,0.6620575975273373,0.7400000095367432,0.7220575999115232,0.7900000214576721,0.767572016110212,0.8299999833106995,0.8075719779632393,0.8799999952316284,0.8575719898841683,0.0,Port Victoria,19.681549848303924,5758763.583299864
NZA-0378,0.616033,34.419873,semi_permanent,38,10300,3915000.0,True,"generated for hackathon starter kit, not a real portfolio",390000.0,0.2875,0.0,0.0,0.0,0.0,0.0,0.0,0.0,0.0,0.0,0.0,0.0,0.0,0.0,26.90233333333226,Amagoro,10.801449785955775,0.0
NZA-0379,-0.247038,34.960714,semi_permanent,61,9400,5735000.0,True,"generated for hackathon starter kit, not a real portfolio",575000.0,0.175,0.0,0.0,0.0,0.0,0.0,0.0,0.0,0.0,0.0,0.0,0.0,0.0,0.0,10.37162863563611,Kapsabet,52.715884470351746,0.0
NZA-0380,1.028664,34.440164,permanent_masonry,140,59300,83020000.0,True,"generated for hackathon starter kit, not a real portfolio",8300000.0,0.81,0.0,0.0,0.0,0.0,0.0,0.0,0.0,0.0,0.0,0.0,0.0,0.0,0.0,61.03595505109838,Chwele,38.33306567145805,0.0
NZA-0381,0.03298,35.311184,informal_iron_sheet,23,5000,1150000.0,True,"generated for hackathon starter kit, not a real portfolio",115000.0,0.0,0.0,0.0,0.0,0.0,0.0,0.0,0.0,0.0,0.0,0.0,0.0,0.0,0.0,58.91961475509332,Kapsabet,29.81972640760985,0.0
NZA-0382,0.134439,34.249404,permanent_masonry,89,39800,35420000.0,True,"generated for hackathon starter kit, not a real portfolio",3540000.0,0.16,0.0,0.0,0.0,0.0,0.0,0.0,0.0,0.0,0.0,0.0,0.0,0.0,0.0,3.9357563440841656,Ugunja,7.045844109682638,0.0
NZA-0383,-0.276326,35.077981,concrete_rcc,468,79500,372060000.0,True,"generated for hackathon starter kit, not a real portfolio",37205000.0,0.8428571428571429,0.0,0.0,0.0,0.0,0.0,0.0,0.0,0.0,0.0,0.0,0.0,0.0,0.0,23.210212584596874,Kapsabet,53.554412260189245,0.0
NZA-0384,1.276649,33.751257,permanent_masonry,102,57600,58750000.0,True,"generated for hackathon starter kit, not a real portfolio",5875000.0,0.7533333333333333,0.0,0.0,0.0,0.0,0.0,0.0,0.0,0.0,0.0,0.0,0.0,0.0,0.0,25.320372353325688,Malaba,92.46793045185728,0.0
NZA-0385,1.255817,34.341503,informal_iron_sheet,18,8400,1510000.0,True,"generated for hackathon starter kit, not a real portfolio",150000.0,0.68,0.0,0.0,0.0,0.0,0.0,0.0,0.0,0.0,0.0,0.0,0.0,0.0,0.0,65.39227548758417,Chwele,65.74527723394232,0.0
NZA-0386,0.877986,35.214762,semi_permanent,42,15600,6550000.0,True,"generated for hackathon starter kit, not a real portfolio",655000.0,0.95,0.0,0.0,0.0,0.0,0.0,0.0,0.0,0.0,0.0,0.0,0.0,0.0,0.0,39.62993737202956,Kitale,27.821079868919824,0.0
NZA-0387,0.846554,34.91434,informal_iron_sheet,14,8300,1160000.0,True,"generated for hackathon starter kit, not a real portfolio",115000.0,0.66,0.0,0.0,0.0,0.0,0.0,0.0,0.0,0.0,0.0,0.0,0.0,0.0,0.0,17.62566666666596,Kitale,21.426710483334922,0.0
NZA-0388,-0.293337,35.001587,informal_iron_sheet,18,5700,1025000.0,True,"generated for hackathon starter kit, not a real portfolio",105000.0,0.14,0.0,0.0,0.0,0.0,0.0,0.0,0.0,0.0,0.0,0.0,0.0,0.0,0.0,15.10131923964789,Kapsabet,56.547659222788255,0.0
NZA-0389,0.404294,34.409473,semi_permanent,52,14400,7490000.0,True,"generated for hackathon starter kit, not a real portfolio",750000.0,0.8,0.0,0.0,0.0,0.0,0.0,0.0,0.0,0.0,0.0,0.0,0.0,0.0,0.0,7.925987474405912,Mumias,11.664440308796822,0.0
NZA-0390,0.033382,34.710524,informal_iron_sheet,18,5400,970000.0,True,"generated for hackathon starter kit, not a real portfolio",95000.0,0.08,0.0,0.0,0.0,0.0,0.0,0.0,0.0,0.0,0.0,0.0,0.0,0.0,0.0,14.958175542342643,Kakamega,28.133651480208773,0.0
NZA-0391,0.780842,34.847427,semi_permanent,30,13700,4110000.0,True,"generated for hackathon starter kit, not a real portfolio",410000.0,0.7125,0.0,0.0,0.0,0.0,0.0,0.0,0.0,0.0,0.0,0.0,0.0,0.0,0.0,11.209038981504117,Kimilili,14.201188325528287,0.0
NZA-0392,0.945937,34.461041,informal_iron_sheet,13,8400,1090000.0,True,"generated for hackathon starter kit, not a real portfolio",110000.0,0.68,0.0,0.0,0.0,0.0,0.0,0.0,0.0,0.0,0.0,0.0,0.0,0.0,0.0,52.88513680084623,Chwele,29.402066634906184,0.0
NZA-0393,0.42372,34.738458,permanent_masonry,96,40100,38495000.0,True,"generated for hackathon starter kit, not a real portfolio",3850000.0,0.17,0.0,0.0,0.0,0.0,0.0,0.0,0.0,0.0,0.0,0.0,0.0,0.0,0.0,8.552664074881692,Malava,12.968521550674874,0.0
NZA-0394,0.348756,34.631277,semi_permanent,39,14100,5500000.0,True,"generated for hackathon starter kit, not a real portfolio",550000.0,0.7625,0.0,0.0,0.0,0.0,0.0,0.0,0.0,0.0,0.0,0.0,0.0,0.0,0.0,8.552664074881692,Kakamega,15.308906449756194,0.0
NZA-0395,0.585248,34.36428,permanent_masonry,143,49800,71215000.0,True,"generated for hackathon starter kit, not a real portfolio",7120000.0,0.49333333333333335,0.0,0.0,0.0,0.0,0.0,0.0,0.0,0.0,0.0,0.0,0.0,0.0,0.0,27.84545681874123,Amagoro,6.785591250445906,0.0
NZA-0396,-0.074978,34.587112,informal_iron_sheet,9,9100,820000.0,True,"generated for hackathon starter kit, not a real portfolio",80000.0,0.82,0.0,0.0,0.0,0.0,0.0,0.0,0.0,0.0,0.0,0.0,0.0,0.0,0.0,10.37162863563611,Butere,33.1776661766623,0.0
NZA-0397,-0.22939,34.641788,informal_iron_sheet,18,9900,1780000.0,True,"generated for hackathon starter kit, not a real portfolio",180000.0,0.98,0.0,0.28999999165534973,0.30108442398736596,0.41999998688697815,0.4341461016943212,0.6399999856948853,0.6372541590724028,0.8399999737739563,0.8303468285418248,1.0,0.9891057355873117,1.1299999952316284,1.1184084163073325,0.0,Siaya,50.95589836307423,73782.40595893256
NZA-0398,0.650527,34.741207,informal_iron_sheet,16,9900,1585000.0,True,"generated for hackathon starter kit, not a real portfolio",160000.0,0.98,0.0,0.0,0.0,0.0,0.0,0.0,0.0,0.0,0.0,0.0,0.0,0.0,0.0,9.276666666666296,Webuye,5.7725813874992635,0.0
NZA-0399,0.885129,34.939104,semi_permanent,63,15100,9515000.0,True,"generated for hackathon starter kit, not a real portfolio",950000.0,0.8875,0.0,0.0,0.0,0.0,0.0,0.0,0.0,0.0,0.0,0.0,0.0,0.0,0.0,22.437263313513963,Kitale,16.34180497822792,0.0
NZA-0400,0.569339,34.882715,permanent_masonry,123,45800,56335000.0,True,"generated for hackathon starter kit, not a real portfolio",5635000.0,0.36,0.0,0.0,0.0,0.0,0.0,0.0,0.0,0.0,0.0,0.0,0.0,0.0,0.0,7.871512688168331,Webuye,13.267584848809474,0.0
NZA-0401,0.692191,35.232247,informal_iron_sheet,12,5600,670000.0,True,"generated for hackathon starter kit, not a real portfolio",65000.0,0.12,0.0,0.0,0.0,0.0,0.0,0.0,0.0,0.0,0.0,0.0,0.0,0.0,0.0,35.26353736116277,Eldoret (west),20.239227637049368,0.0
NZA-0402,0.084278,35.342177,permanent_masonry,135,58200,78570000.0,True,"generated for hackathon starter kit, not a real portfolio",7855000.0,0.7733333333333333,0.0,0.0,0.0,0.0,0.0,0.0,0.0,0.0,0.0,0.0,0.0,0.0,0.0,65.68115843222968,Kapsabet,29.574689005559165,0.0
NZA-0403,0.719236,33.715352,concrete_rcc,338,63900,215980000.0,True,"generated for hackathon starter kit, not a real portfolio",21600000.0,0.39714285714285713,0.0,0.0,0.0,0.0,0.0,0.0,0.0,0.0,0.0,0.0,0.0,0.0,0.0,11.209038981504117,Busia,52.65217746543136,0.0
NZA-0404,-0.068859,34.897573,semi_permanent,21,13500,2835000.0,True,"generated for hackathon starter kit, not a real portfolio",285000.0,0.6875,0.0,0.0,0.0,0.0,0.0,0.0,0.0,0.0,0.0,0.0,0.0,0.0,0.0,18.01202855192967,Kapsabet,38.15446801983952,0.0
NZA-0405,-0.249223,35.147287,permanent_masonry,121,52100,63040000.0,True,"generated for hackathon starter kit, not a real portfolio",6305000.0,0.57,0.0,0.0,0.0,0.0,0.0,0.0,0.0,0.0,0.0,0.0,0.0,0.0,0.0,30.669170689435063,Kapsabet,50.67189824614122,0.0
NZA-0406,0.144545,34.672172,informal_iron_sheet,14,9700,1360000.0,True,"generated for hackathon starter kit, not a real portfolio",135000.0,0.94,0.0,0.0,0.0,0.0,0.0,0.0,0.0,0.0,0.0,0.0,0.0,0.0,0.0,27.045898538923037,Kakamega,17.75645564167439,0.0
NZA-0407,-0.09259,33.945155,informal_iron_sheet,12,7500,900000.0,True,"generated for hackathon starter kit, not a real portfolio",90000.0,0.5,0.0,0.3400000035762787,0.34778400775184937,0.38999998569488525,0.39728679914462595,0.4399999976158142,0.4513591895817842,0.49000000953674316,0.49697000140782077,0.5299999713897705,0.536969987940721,0.5799999833106995,0.5869699979733224,0.0,Usenge,13.029043135454666,26100.499943455194
NZA-0408,0.606909,35.344483,permanent_masonry,88,58400,51390000.0,True,"generated for hackathon starter kit, not a real portfolio",5140000.0,0.78,0.0,0.0,0.0,0.0,0.0,0.0,0.0,0.0,0.0,0.0,0.0,0.0,0.0,49.122555982176145,Eldoret (west),13.24359617353103,0.0
NZA-0409,1.10873,35.000699,semi_permanent,33,12000,3960000.0,True,"generated for hackathon starter kit, not a real portfolio",395000.0,0.5,0.0,0.0,0.0,0.0,0.0,0.0,0.0,0.0,0.0,0.0,0.0,0.0,0.0,48.398958044338,Kitale,10.374187630924398,0.0
NZA-0410,0.063538,34.230758,semi_permanent,55,14300,7865000.0,True,"generated for hackathon starter kit, not a real portfolio",785000.0,0.7875,0.0,0.0,0.0,0.0,0.0,0.0,0.0,0.0,0.0,0.0,0.0,0.0,0.0,10.24641323694364,Siaya,6.388372285399323,0.0
NZA-0411,0.864845,34.215677,informal_iron_sheet,11,8400,925000.0,True,"generated for hackathon starter kit, not a real portfolio",90000.0,0.68,0.0,0.0,0.0,0.0,0.0,0.0,0.0,0.0,0.0,0.0,0.0,0.0,0.0,42.763320374408465,Malaba,26.46214019161708,0.0
NZA-0412,0.538159,33.83332,permanent_masonry,129,61800,79720000.0,True,"generated for hackathon starter kit, not a real portfolio",7970000.0,0.8933333333333333,0.0,0.0,0.0,0.0,0.0,0.0,0.0,0.0,0.0,0.0,0.0,0.0,0.0,24.19058705823766,Busia,32.14096506023614,0.0
NZA-0413,0.428455,34.240755,permanent_masonry,129,63200,81530000.0,True,"generated for hackathon starter kit, not a real portfolio",8155000.0,0.94,0.0,0.0,0.0,0.0,0.0,0.0,0.0,0.0,0.0,0.0,0.0,0.0,0.0,21.716119901020942,Nambale,3.2558989554613915,0.0
NZA-0414,0.647717,34.484053,concrete_rcc,840,57800,485520000.0,True,"generated for hackathon starter kit, not a real portfolio",48550000.0,0.22285714285714286,0.0,0.0,0.0,0.0,0.0,0.0,0.0,0.0,0.0,0.0,0.0,0.0,0.0,25.320372353325688,Bungoma,12.668734481956156,0.0
NZA-0415,0.413499,34.160793,informal_iron_sheet,20,7500,1500000.0,True,"generated for hackathon starter kit, not a real portfolio",150000.0,0.5,0.0,0.0,0.0,0.0,0.0,0.0,0.0,0.0,0.0,0.0,0.0,0.0,0.0,24.350145609876233,Busia,7.604874839839443,0.0
NZA-0416,0.549676,33.843996,permanent_masonry,152,50500,76760000.0,True,"generated for hackathon starter kit, not a real portfolio",7675000.0,0.5166666666666667,0.0,0.0,0.0,0.0,0.0,0.0,0.0,0.0,0.0,0.0,0.0,0.0,0.0,23.48664407464048,Busia,31.37800282144235,0.0
NZA-0417,0.08007,34.055394,informal_iron_sheet,9,5200,470000.0,True,"generated for hackathon starter kit, not a real portfolio",45000.0,0.04,0.0,0.6299999952316284,0.49752337245016526,0.7400000095367432,0.5975511365714498,0.8799999952316284,0.7242573852889067,0.9700000286102295,0.8060643657800911,1.059999942779541,0.8887955999461399,1.1699999570846558,0.9906025674091314,0.0,Budalangi,6.812970201235003,24135.86565281501
NZA-0418,1.070937,33.783992,concrete_rcc,540,53100,286740000.0,True,"generated for hackathon starter kit, not a real portfolio",28675000.0,0.08857142857142856,0.0,0.0,0.0,0.0,0.0,0.0,0.0,0.0,0.0,0.0,0.0,0.0,0.0,7.649735304062327,Malaba,73.4353828905227,0.0
NZA-0419,0.51704,34.371814,informal_iron_sheet,13,7300,950000.0,True,"generated for hackathon starter kit, not a real portfolio",95000.0,0.46,0.0,0.0,0.0,0.0,0.0,0.0,0.0,0.0,0.0,0.0,0.0,0.0,0.0,21.154054720338493,Amagoro,13.75731730334601,0.0
NZA-0420,0.773617,34.734959,permanent_masonry,68,60100,40870000.0,True,"generated for hackathon starter kit, not a real portfolio",4085000.0,0.8366666666666667,0.0,0.0,0.0,0.0,0.0,0.0,0.0,0.0,0.0,0.0,0.0,0.0,0.0,17.054944157698053,Kimilili,2.234343343170158,0.0
NZA-0421,0.010114,35.137946,permanent_masonry,70,36200,25340000.0,True,"generated for hackathon starter kit, not a real portfolio",2535000.0,0.04,0.0,0.0,0.0,0.0,0.0,0.0,0.0,0.0,0.0,0.0,0.0,0.0,0.0,42.64240593717673,Kapsabet,21.892752053270375,0.0
NZA-0422,0.435472,35.134517,informal_iron_sheet,10,6400,640000.0,True,"generated for hackathon starter kit, not a real portfolio",65000.0,0.28,0.0,0.0,0.0,0.0,0.0,0.0,0.0,0.0,0.0,0.0,0.0,0.0,0.0,37.44143572300464,Eldoret (west),17.42929599316226,0.0
NZA-0423,-0.198967,34.281169,permanent_masonry,159,61000,96990000.0,True,"generated for hackathon starter kit, not a real portfolio",9700000.0,0.8666666666666667,0.0,0.0,0.0,0.0,0.0,0.0,0.0,0.0,0.0,0.0,0.0,0.0,0.0,6.689499466410587,Usenge,28.499765547341674,0.0
NZA-0424,-0.243639,34.696023,informal_iron_sheet,11,8200,900000.0,True,"generated for hackathon starter kit, not a real portfolio",90000.0,0.64,0.0,2.740000009536743,2.034083379049287,2.9100000858306885,2.167902132697911,3.119999885559082,2.3436589644065995,3.2100000381469727,2.4313134039724975,3.299999952316284,2.5159991381557623,3.390000104904175,2.6059992476869995,0.0,Butere,55.13477659740769,81396.23078562868
NZA-0425,0.445653,34.787098,semi_permanent,37,13800,5105000.0,True,"generated for hackathon starter kit, not a real portfolio",510000.0,0.725,0.0,0.0,0.0,0.0,0.0,0.0,0.0,0.0,0.0,0.0,0.0,0.0,0.0,9.861231932279782,Malava,7.336291444127767,0.0
NZA-0426,1.108655,33.954177,permanent_masonry,128,54600,69890000.0,True,"generated for hackathon starter kit, not a real portfolio",6990000.0,0.6533333333333333,0.0,0.0,0.0,0.0,0.0,0.0,0.0,0.0,0.0,0.0,0.0,0.0,0.0,22.456432273279834,Malaba,63.9053683715652,0.0
NZA-0427,0.603417,34.781679,concrete_rcc,552,59700,329545000.0,True,"generated for hackathon starter kit, not a real portfolio",32955000.0,0.27714285714285714,0.0,0.0,0.0,0.0,0.0,0.0,0.0,0.0,0.0,0.0,0.0,0.0,0.0,2.7829999999998885,Webuye,1.398369753376181,0.0
NZA-0428,-0.27813,34.468108,informal_iron_sheet,12,9600,1150000.0,True,"generated for hackathon starter kit, not a real portfolio",115000.0,0.92,0.0,0.6399999856948853,0.464634601350838,1.100000023841858,0.8036298283452743,1.2100000381469727,0.9132229997988931,1.2799999713897705,0.9795457182817572,1.340000033378601,1.0387085993358958,1.399999976158142,1.1028161199311808,0.0,Siaya,42.7598162974419,60303.07743267564
NZA-0429,0.283537,34.654823,semi_permanent,60,15900,9540000.0,True,"generated for hackathon starter kit, not a real portfolio",955000.0,0.9875,0.0,0.0,0.0,0.0,0.0,0.0,0.0,0.0,0.0,0.0,0.0,0.0,0.0,15.214864592086816,Kakamega,10.80660184291739,0.0
NZA-0430,0.137854,35.21501,informal_iron_sheet,16,6000,960000.0,True,"generated for hackathon starter kit, not a real portfolio",95000.0,0.2,0.0,0.0,0.0,0.0,0.0,0.0,0.0,0.0,0.0,0.0,0.0,0.0,0.0,58.56068046147378,Kapsabet,14.28915757002136,0.0
NZA-0431,0.735051,34.152995,informal_iron_sheet,15,6400,960000.0,True,"generated for hackathon starter kit, not a real portfolio",95000.0,0.28,0.0,0.0,0.0,0.0,0.0,0.0,0.0,0.0,0.0,0.0,0.0,0.0,0.0,38.079558478122784,Malaba,17.929136533792267,0.0
NZA-0432,0.13921,33.85235,informal_iron_sheet,22,9900,2180000.0,True,"generated for hackathon starter kit, not a real portfolio",220000.0,0.98,0.0,0.019999999552965164,0.015639999650463737,0.05000000074505806,0.039675336270996425,0.12999999523162842,0.12166399697078117,0.25,0.24621533396979328,0.3499999940395355,0.34621533364891766,0.44999998807907104,0.449999988079071,0.0,Port Victoria,14.512815782715476,28260.48335637925
NZA-0433,0.741471,34.512865,semi_permanent,28,8100,2270000.0,True,"generated for hackathon starter kit, not a real portfolio",225000.0,0.0125,0.0,0.0,0.0,0.0,0.0,0.0,0.0,0.0,0.0,0.0,0.0,0.0,0.0,33.25397113294926,Chwele,11.94754988157099,0.0
NZA-0434,0.86609,33.79795,semi_permanent,61,11600,7075000.0,True,"generated for hackathon starter kit, not a real portfolio",710000.0,0.45,0.0,0.0,0.0,0.1899999976158142,0.08067840698742322,0.4099999964237213,0.17409551048100577,0.5600000023841858,0.2377889930118024,0.7200000286102295,0.30572871614782376,0.9300000071525574,0.39489957903618156,0.0,Busia,57.04170840621505,171658.0818184424
NZA-0435,0.316628,35.329571,semi_permanent,33,11600,3830000.0,True,"generated for hackathon starter kit, not a real portfolio",385000.0,0.45,0.0,0.0,0.0,0.0,0.0,0.0,0.0,0.0,0.0,0.0,0.0,0.0,0.0,62.4023928716744,Eldoret (west),22.98873089733732,0.0
NZA-0436,0.343231,35.12082,semi_permanent,26,12000,3120000.0,True,"generated for hackathon starter kit, not a real portfolio",310000.0,0.5,0.0,0.0,0.0,0.0,0.0,0.0,0.0,0.0,0.0,0.0,0.0,0.0,0.0,44.34401921968055,Kapsabet,15.598917212671212,0.0
NZA-0437,1.067907,34.033015,informal_iron_sheet,21,9800,2060000.0,True,"generated for hackathon starter kit, not a real portfolio",205000.0,0.96,0.0,0.0,0.0,0.0,0.0,0.0,0.0,0.0,0.0,0.0,0.0,0.0,0.0,25.47285506399036,Malaba,55.38554308674902,0.0
NZA-0438,0.072169,34.488333,informal_iron_sheet,14,7900,1105000.0,True,"generated for hackathon starter kit, not a real portfolio",110000.0,0.58,0.0,0.0,0.0,0.0,0.0,0.0,0.0,0.0,0.0,0.0,0.0,0.0,0.0,24.891908725526665,Butere,14.999853109144885,0.0
NZA-0439,1.140787,35.278208,permanent_masonry,166,43300,71880000.0,True,"generated for hackathon starter kit, not a real portfolio",7190000.0,0.27666666666666667,0.0,0.0,0.0,0.0,0.0,0.0,0.0,0.0,0.0,0.0,0.0,0.0,0.0,64.61782676973986,Kitale,33.327184405846936,0.0
NZA-0440,0.166063,33.736171,informal_iron_sheet,13,8600,1120000.0,True,"generated for hackathon starter kit, not a real portfolio",110000.0,0.72,0.0,0.4399999976158142,0.4399999976158142,0.49000000953674316,0.49000000953674316,0.550000011920929,0.550000011920929,0.5899999737739563,0.5899999737739563,0.6299999952316284,0.6299999952316284,0.6800000071525574,0.6800000071525574,0.0,Port Victoria,27.73742762188171,36478.52390094372
NZA-0441,0.782204,34.975995,informal_iron_sheet,15,6800,1020000.0,True,"generated for hackathon starter kit, not a real portfolio",100000.0,0.36,0.0,0.0,0.0,0.0,0.0,0.0,0.0,0.0,0.0,0.0,0.0,0.0,0.0,12.617630808603076,Kitale,26.209337056980697,0.0
NZA-0442,0.24136,34.408653,informal_iron_sheet,11,5300,585000.0,True,"generated for hackathon starter kit, not a real portfolio",60000.0,0.06,0.0,0.0,0.0,0.0,0.0,0.0,0.0,0.0,0.0,0.0,0.0,0.0,0.0,4.638333333333148,Butere,9.86499761278048,0.0
NZA-0443,1.241818,33.924614,semi_permanent,41,13300,5455000.0,True,"generated for hackathon starter kit, not a real portfolio",545000.0,0.6625,0.0,0.0,0.0,0.0,0.0,0.0,0.0,0.0,0.0,0.0,0.0,0.0,0.0,30.837068863804728,Malaba,78.18635625171954,0.0
NZA-0444,-0.033222,35.197986,permanent_masonry,138,40800,56305000.0,True,"generated for hackathon starter kit, not a real portfolio",5630000.0,0.19333333333333333,0.0,0.0,0.0,0.0,0.0,0.0,0.0,0.0,0.0,0.0,0.0,0.0,0.0,44.53766214614644,Kapsabet,28.363675201499085,0.0
NZA-0445,0.738215,34.834251,informal_iron_sheet,12,9700,1165000.0,True,"generated for hackathon starter kit, not a real portfolio",115000.0,0.94,0.0,0.0,0.0,0.0,0.0,0.0,0.0,0.0,0.0,0.0,0.0,0.0,0.0,7.064898851206137,Kimilili,13.828916330648045,0.0
NZA-0446,0.360261,34.386075,permanent_masonry,110,41000,45100000.0,True,"generated for hackathon starter kit, not a real portfolio",4510000.0,0.2,0.0,0.0,0.0,0.0,0.0,0.0,0.0,0.0,0.0,0.0,0.0,0.0,0.0,5.247675125445555,Mumias,11.738185991504169,0.0
NZA-0447,-0.010498,34.050865,semi_permanent,38,8100,3080000.0,True,"generated for hackathon starter kit, not a real portfolio",310000.0,0.0125,0.0,0.0,0.0,0.0,0.0,0.0,0.0,0.0,0.0,0.0,0.0,0.0,0.0,1.3119187813613888,Usenge,6.7013621786091795,0.0
NZA-0448,0.634956,35.208905,informal_iron_sheet,12,8400,1010000.0,True,"generated for hackathon starter kit, not a real portfolio",100000.0,0.68,0.0,0.0,0.0,0.0,0.0,0.0,0.0,0.0,0.0,0.0,0.0,0.0,0.0,33.85665624363854,Eldoret (west),15.045007743291576,0.0
NZA-0449,1.138511,33.956467,informal_iron_sheet,16,8200,1310000.0,True,"generated for hackathon starter kit, not a real portfolio",130000.0,0.64,0.0,0.0,0.0,0.0,0.0,0.0,0.0,0.0,0.0,0.0,0.0,0.0,0.0,24.279360153109415,Malaba,66.53015712086277,0.0
NZA-0450,0.025876,34.752617,semi_permanent,34,15800,5370000.0,True,"generated for hackathon starter kit, not a real portfolio",535000.0,0.975,0.0,0.0,0.0,0.0,0.0,0.0,0.0,0.0,0.0,0.0,0.0,0.0,0.0,14.958175542342643,Kakamega,28.589759086873787,0.0
NZA-0451,-0.239392,34.774853,semi_permanent,40,10900,4360000.0,True,"generated for hackathon starter kit, not a real portfolio",435000.0,0.3625,0.0,0.550000011920929,0.5760254939171305,0.6499999761581421,0.6820243380454042,0.7699999809265137,0.804294740648607,0.8500000238418579,0.8842947478080195,0.9200000166893005,0.9542947628787553,1.0099999904632568,1.0442947209570221,0.0,Kakamega,58.17541625823741,155946.18617942047
NZA-0452,0.986012,34.255889,permanent_masonry,76,36300,27590000.0,True,"generated for hackathon starter kit, not a real portfolio",2760000.0,0.043333333333333335,0.0,0.0,0.0,0.0,0.0,0.0,0.0,0.0,0.0,0.0,0.0,0.0,0.0,46.6146730892972,Malaba,39.05566595534265,0.0
NZA-0453,0.381342,35.343772,informal_iron_sheet,15,7300,1095000.0,True,"generated for hackathon starter kit, not a real portfolio",110000.0,0.46,0.0,0.0,0.0,0.0,0.0,0.0,0.0,0.0,0.0,0.0,0.0,0.0,0.0,59.203741902196874,Eldoret (west),16.9372089930013,0.0
NZA-0454,0.987785,35.351112,semi_permanent,52,15300,7955000.0,True,"generated for hackathon starter kit, not a real portfolio",795000.0,0.9125,0.0,0.0,0.0,0.0,0.0,0.0,0.0,0.0,0.0,0.0,0.0,0.0,0.0,59.43585743845345,Kitale,38.519691992663105,0.0
NZA-0455,0.384702,35.084554,semi_permanent,44,12100,5325000.0,True,"generated for hackathon starter kit, not a real portfolio",530000.0,0.5125,0.0,0.0,0.0,0.0,0.0,0.0,0.0,0.0,0.0,0.0,0.0,0.0,0.0,38.60698576394768,Kapsabet,20.2440921298202,0.0
NZA-0456,-0.273825,34.047396,semi_permanent,41,12500,5125000.0,True,"generated for hackathon starter kit, not a real portfolio",510000.0,0.5625,0.0,0.7099999785423279,0.7331580072284255,0.7699999809265137,0.7960748100309653,0.8399999737739563,0.8689916032967617,0.8899999856948853,0.9219084084715471,0.9399999976158142,0.9707064357242892,1.0,1.0336232211413268,0.0,Usenge,22.73313560858747,181437.85941074172
NZA-0457,0.867148,35.390504,informal_iron_sheet,14,9700,1360000.0,True,"generated for hackathon starter kit, not a real portfolio",135000.0,0.94,0.0,0.0,0.0,0.0,0.0,0.0,0.0,0.0,0.0,0.0,0.0,0.0,0.0,56.6788391210587,Eldoret (west),41.51356347815383,0.0
NZA-0458,1.153097,35.246726,informal_iron_sheet,14,6200,870000.0,True,"generated for hackathon starter kit, not a real portfolio",85000.0,0.24,0.0,0.0,0.0,0.0,0.0,0.0,0.0,0.0,0.0,0.0,0.0,0.0,0.0,63.84072324847646,Kitale,30.835094779854618,0.0
NZA-0459,0.889218,35.3286,permanent_masonry,74,51700,38260000.0,True,"generated for hackathon starter kit, not a real portfolio",3825000.0,0.5566666666666666,0.0,0.0,0.0,0.0,0.0,0.0,0.0,0.0,0.0,0.0,0.0,0.0,0.0,51.449968970942045,Kitale,38.551377837556906,0.0
NZA-0460,0.957244,35.19988,informal_iron_sheet,16,8000,1280000.0,True,"generated for hackathon starter kit, not a real portfolio",130000.0,0.6,0.0,0.0,0.0,0.0,0.0,0.0,0.0,0.0,0.0,0.0,0.0,0.0,0.0,43.31319278105389,Kitale,22.5202835413967,0.0
NZA-0461,1.072874,34.637427,permanent_masonry,66,56400,37225000.0,True,"generated for hackathon starter kit, not a real portfolio",3720000.0,0.7133333333333334,0.0,0.0,0.0,0.0,0.0,0.0,0.0,0.0,0.0,0.0,0.0,0.0,0.0,50.28261405075889,Kimilili,33.12433643457338,0.0
NZA-0462,1.100764,33.876284,semi_permanent,39,13400,5225000.0,True,"generated for hackathon starter kit, not a real portfolio",525000.0,0.675,0.0,0.0,0.0,0.0,0.0,0.0,0.0,0.0,0.0,0.0,0.0,0.0,0.0,15.960180812119114,Malaba,68.53007593658846,0.0
NZA-0463,0.654545,34.374969,informal_iron_sheet,14,7100,995000.0,True,"generated for hackathon starter kit, not a real portfolio",100000.0,0.42,0.0,0.0,0.0,0.0,0.0,0.0,0.0,0.0,0.0,0.0,0.0,0.0,0.0,34.109888315396105,Amagoro,6.249810708629358,0.0
NZA-0464,0.146798,34.443591,informal_iron_sheet,12,7800,935000.0,True,"generated for hackathon starter kit, not a real portfolio",95000.0,0.56,0.0,0.0,0.0,0.0,0.0,0.0,0.0,0.0,0.0,0.0,0.0,0.0,0.0,15.355615643072046,Butere,8.47335705533462,0.0
NZA-0465,0.907775,34.652904,permanent_masonry,53,55800,29575000.0,True,"generated for hackathon starter kit, not a real portfolio",2955000.0,0.6933333333333334,0.0,0.0,0.0,0.0,0.0,0.0,0.0,0.0,0.0,0.0,0.0,0.0,0.0,34.135108199296575,Kimilili,15.379949208503893,0.0
NZA-0466,1.181054,35.009734,informal_iron_sheet,13,7300,950000.0,True,"generated for hackathon starter kit, not a real portfolio",95000.0,0.46,0.0,0.0,0.0,0.0,0.0,0.0,0.0,0.0,0.0,0.0,0.0,0.0,0.0,55.852929521296026,Kitale,18.41141046912432,0.0
NZA-0467,0.337107,34.999095,semi_permanent,38,14500,5510000.0,True,"generated for hackathon starter kit, not a real portfolio",550000.0,0.8125,0.0,0.0,0.0,0.0,0.0,0.0,0.0,0.0,0.0,0.0,0.0,0.0,0.0,34.821497831399,Kapsabet,18.935034082984174,0.0
NZA-0468,1.242735,34.291571,semi_permanent,66,12300,8120000.0,True,"generated for hackathon starter kit, not a real portfolio",810000.0,0.5375,0.0,0.0,0.0,0.0,0.0,0.0,0.0,0.0,0.0,0.0,0.0,0.0,0.0,60.205495197695285,Chwele,67.31429587512964,0.0
NZA-0469,0.536934,35.013341,concrete_rcc,566,77400,438085000.0,True,"generated for hackathon starter kit, not a real portfolio",43810000.0,0.7828571428571428,0.0,0.0,0.0,0.0,0.0,0.0,0.0,0.0,0.0,0.0,0.0,0.0,0.0,20.068498399231764,Malava,20.574375141765774,0.0
NZA-0470,-0.082401,34.039054,permanent_masonry,226,60300,136280000.0,True,"generated for hackathon starter kit, not a real portfolio",13630000.0,0.8433333333333334,0.0,0.0,0.06578137118243926,0.0,0.0890685721080649,0.0,0.14143310323805863,0.0,0.1770876701122801,0.0,0.2010986271138027,0.0,0.2243858280394283,0.9276666666666296,Usenge,2.7096447511424393,0.0
NZA-0471,0.735218,34.460097,concrete_rcc,704,56800,399870000.0,True,"generated for hackathon starter kit, not a real portfolio",39985000.0,0.19428571428571428,0.0,0.0,0.0,0.0,0.0,0.0,0.0,0.0,0.0,0.0,0.0,0.0,0.0,35.70010396654497,Chwele,17.799740718299407,0.0
NZA-0472,0.594956,35.099327,informal_iron_sheet,14,5900,825000.0,True,"generated for hackathon starter kit, not a real portfolio",85000.0,0.18,0.0,0.0,0.0,0.0,0.0,0.0,0.0,0.0,0.0,0.0,0.0,0.0,0.0,22.81758299839944,Eldoret (west),20.993258225659265,0.0
NZA-0473,0.770908,34.817441,semi_permanent,24,14500,3480000.0,True,"generated for hackathon starter kit, not a real portfolio",350000.0,0.8125,0.0,0.0,0.0,0.0,0.0,0.0,0.0,0.0,0.0,0.0,0.0,0.0,0.0,11.209038981504117,Kimilili,10.993647753250695,0.0
NZA-0474,0.909586,33.756294,semi_permanent,24,12300,2950000.0,True,"generated for hackathon starter kit, not a real portfolio",295000.0,0.5375,0.0,0.0,0.0,0.0,0.0,0.0,0.0,0.0,0.0,0.0,0.0,0.0,0.0,0.9276666666666296,Busia,63.71264493394414,0.0
NZA-0475,1.132647,35.260655,permanent_masonry,110,51100,56210000.0,True,"generated for hackathon starter kit, not a real portfolio",5620000.0,0.5366666666666666,0.0,0.0,0.0,0.0,0.0,0.0,0.0,0.0,0.0,0.0,0.0,0.0,0.0,62.73249379264409,Kitale,31.1733801118522,0.0
NZA-0476,0.140861,35.060387,concrete_rcc,576,55900,321985000.0,True,"generated for hackathon starter kit, not a real portfolio",32200000.0,0.16857142857142857,0.0,0.0,0.0,0.0,0.0,0.0,0.0,0.0,0.0,0.0,0.0,0.0,0.0,45.08498175421185,Kapsabet,8.60605230910207,0.0
NZA-0477,-0.268106,34.530761,semi_permanent,34,15700,5340000.0,True,"generated for hackathon starter kit, not a real portfolio",535000.0,0.9625,0.0,0.6299999952316284,2.0589092207030637,0.7900000214576721,2.2142768077534742,1.0099999904632568,2.4015487793064945,1.1100000143051147,2.496255473373739,1.1799999475479126,2.563608761650815,1.25,2.6362555462558146,0.0,Siaya,45.53550258801368,212964.00272189177
NZA-0478,-0.157211,34.444361,informal_iron_sheet,13,9300,1210000.0,True,"generated for hackathon starter kit, not a real portfolio",120000.0,0.86,0.0,0.0,0.0,0.0,0.0,0.0,0.0,0.0,0.0,0.0,0.0,0.0,0.0,4.730190435442717,Siaya,29.894965914356643,0.0
NZA-0479,-0.173352,34.922677,permanent_masonry,140,58900,82460000.0,True,"generated for hackathon starter kit, not a real portfolio",8245000.0,0.7966666666666666,0.0,0.0,0.0,0.0,0.0,0.0,0.0,0.0,0.0,0.0,0.0,0.0,0.0,11.623630017243622,Kapsabet,46.65273339394831,0.0
NZA-0480,0.651788,33.788847,semi_permanent,34,14300,4860000.0,True,"generated for hackathon starter kit, not a real portfolio",485000.0,0.7875,0.0,0.0,0.0,0.0,0.0,0.0,0.0,0.0,0.0,0.0,0.0,0.0,0.0,11.47460295609349,Busia,41.73734741533088,0.0
NZA-0481,0.29228,34.356186,semi_permanent,59,10800,6370000.0,True,"generated for hackathon starter kit, not a real portfolio",635000.0,0.35,0.0,0.0,0.0,0.0,0.0,0.0,0.0,0.0,0.0,0.0,0.0,0.0,0.0,3.3447497332052936,Ugunja,14.222135941574013,0.0
NZA-0482,0.130915,34.351599,semi_permanent,43,15100,6495000.0,True,"generated for hackathon starter kit, not a real portfolio",650000.0,0.8875,0.0,0.0,0.0,0.0,0.0,0.0,0.0,0.0,0.0,0.0,0.0,0.0,0.0,11.170585904259207,Ugunja,8.979733264919064,0.0
NZA-0483,0.491714,35.224141,semi_permanent,51,9600,4895000.0,True,"generated for hackathon starter kit, not a real portfolio",490000.0,0.2,0.0,0.0,0.0,0.0,0.0,0.0,0.0,0.0,0.0,0.0,0.0,0.0,0.0,40.414764796487745,Eldoret (west),5.670454300611405,0.0
NZA-0484,0.419117,34.11669,semi_permanent,52,8500,4420000.0,True,"generated for hackathon starter kit, not a real portfolio",440000.0,0.0625,0.0,0.0,0.0,0.0,0.0,0.0,0.0,0.0,0.0,0.0,0.0,0.0,0.0,24.701030345130594,Busia,4.675978728276905,0.0
NZA-0485,0.14098,33.90515,concrete_rcc,330,65000,214500000.0,True,"generated for hackathon starter kit, not a real portfolio",21450000.0,0.42857142857142855,0.0,1.25,1.1308712351224555,1.2899999618530273,1.1745544304480755,1.340000033378601,1.2208712649843825,1.3700000047683716,1.2545544683781824,1.409999966621399,1.289691206385842,1.4600000381469727,1.343374497317312,0.0,Port Victoria,9.308915835543406,6267423.820073221
NZA-0486,-0.279435,34.688574,informal_iron_sheet,8,9700,775000.0,True,"generated for hackathon starter kit, not a real portfolio",80000.0,0.94,0.0,0.11999999731779099,0.1219750971950923,0.17000000178813934,0.17354440176917996,0.23000000417232513,0.23543570539012518,0.28999999165534973,0.29547719495000074,0.3499999940395355,0.35547719361694097,0.41999998688697815,0.42547719018162916,0.0,Butere,58.46486949865816,12358.834923430439
NZA-0487,0.32714,34.295446,semi_permanent,40,15600,6240000.0,True,"generated for hackathon starter kit, not a real portfolio",625000.0,0.95,0.0,0.0,0.0,0.0,0.0,0.0,0.0,0.0,0.0,0.0,0.0,0.0,0.0,9.32293461785944,Bumala,11.045852733997698,0.0
NZA-0488,1.281058,33.899735,permanent_masonry,96,44200,42430000.0,True,"generated for hackathon starter kit, not a real portfolio",4245000.0,0.30666666666666664,0.0,0.0,0.0,0.0,0.0,0.0,0.0,0.0,0.0,0.0,0.0,0.0,0.0,31.731082080507743,Malaba,83.35558658433364,0.0
NZA-0489,-0.252949,34.675029,permanent_masonry,96,43600,41855000.0,True,"generated for hackathon starter kit, not a real portfolio",4185000.0,0.2866666666666667,0.0,0.03999999910593033,0.5597393577217942,0.07000000029802322,0.6154593601291022,0.10999999940395355,0.6946238958686396,0.18000000715255737,0.7752899879907775,0.23999999463558197,0.8352900103395453,0.30000001192092896,0.9002552229828605,0.0,Butere,55.16614286219123,86433.62210949694
NZA-0490,0.891063,34.590685,informal_iron_sheet,12,7600,910000.0,True,"generated for hackathon starter kit, not a real portfolio",90000.0,0.52,0.0,0.0,0.0,0.0,0.0,0.0,0.0,0.0,0.0,0.0,0.0,0.0,0.0,38.068257228882025,Chwele,17.676748044044665,0.0
NZA-0491,0.427999,34.721662,semi_permanent,26,14500,3770000.0,True,"generated for hackathon starter kit, not a real portfolio",375000.0,0.8125,0.0,0.0,0.0,0.0,0.0,0.0,0.0,0.0,0.0,0.0,0.0,0.0,0.0,6.559593906806944,Malava,14.741975517062166,0.0
NZA-0492,0.227071,34.89631,informal_iron_sheet,14,7300,1020000.0,True,"generated for hackathon starter kit, not a real portfolio",100000.0,0.46,0.0,0.0,0.0,0.0,0.0,0.0,0.0,0.0,0.0,0.0,0.0,0.0,0.0,36.08372926187564,Kakamega,17.22665603222208,0.0
NZA-0493,1.242441,34.867189,informal_iron_sheet,12,5100,610000.0,True,"generated for hackathon starter kit, not a real portfolio",60000.0,0.02,0.0,0.0,0.0,0.0,0.0,0.0,0.0,0.0,0.0,0.0,0.0,0.0,0.0,62.18135204294435,Kitale,29.60653033672743,0.0
NZA-0494,1.119788,35.14177,informal_iron_sheet,15,9200,1380000.0,True,"generated for hackathon starter kit, not a real portfolio",140000.0,0.84,0.0,0.0,0.0,0.0,0.0,0.0,0.0,0.0,0.0,0.0,0.0,0.0,0.0,54.787336768837214,Kitale,19.02632286541214,0.0
NZA-0495,0.688268,34.158344,permanent_masonry,121,45000,54450000.0,True,"generated for hackathon starter kit, not a real portfolio",5445000.0,0.3333333333333333,0.0,0.0,0.0,0.0,0.0,0.0,0.0,0.0,0.0,0.0,0.0,0.0,0.0,39.66249654830516,Malaba,14.73928889536145,0.0
NZA-0496,0.872427,33.962715,concrete_rcc,270,72600,196020000.0,True,"generated for hackathon starter kit, not a real portfolio",19600000.0,0.6457142857142857,0.0,0.0,0.0,0.0,0.0,0.0,0.0,0.0,0.0,0.0,0.0,0.0,0.0,16.22753912335382,Malaba,44.046699350550426,0.0
NZA-0497,0.394684,34.492669,permanent_masonry,55,39200,21560000.0,True,"generated for hackathon starter kit, not a real portfolio",2155000.0,0.14,0.0,0.0,0.0,0.0,0.0,0.0,0.0,0.0,0.0,0.0,0.0,0.0,0.0,2.7829999999998885,Mumias,6.592808518707579,0.0
NZA-0498,1.137023,34.069527,permanent_masonry,45,44700,20115000.0,True,"generated for hackathon starter kit, not a real portfolio",2010000.0,0.3233333333333333,0.0,0.0,0.0,0.0,0.0,0.0,0.0,0.0,0.0,0.0,0.0,0.0,0.0,33.61431880249048,Malaba,60.49497500830544,0.0
NZA-0499,0.198281,34.118395,permanent_masonry,145,40200,58290000.0,True,"generated for hackathon starter kit, not a real portfolio",5830000.0,0.17333333333333334,0.0,0.0,0.0,0.0,0.0,0.0,0.0,0.0,0.0,0.0,0.0,0.0,0.0,5.642776040606423,Rwambwa,8.012536943247575,0.0
